name,info,waterCycle,waterInfo,lightInfo,humidity
올리브 나무,역사가 가장 오래된 과일나무 중의 하나인 올리브 나무는 생명력이 굉장히 강인한 식물이에요. 연중 일교차가 적고 강수량도 적은 지중해에서 많이 재배되고 있어요. 강렬한 햇볕이 있다면 키우는 데 큰 무리가 없답니다. 게다가 화분에서도 열매를 맺을 수 있는 몇 안 되는 식물이라 인기가 많아요. 열매인 올리브는 몸속 유해 산소를 차단하는 강력한 항산화 작용이 있어서 오일 이외에도 다양한 요리에 쓰이는 중요한 식재료랍니다.  ,주 1~2회,"물 : 흙이 바싹 마르지 않게 흙 표면부터 3cm까지 마르면,  듬뿍 주세요.",양지 햇빛이 있는 곳에서 잘자라요.,40~70%
몬스테라 알보 바리에가타,몬스테라 알보 바리에가타는 몬스테라 델리시오사의 생김새에 아이보리색이 무늬가 입혀진 식물이에요. 현재 일반 몬스테라보다 판매되는 가격이 훨~씬 비싼 편이에요. 몬스테라를 키우는 사람들이 좋아하는 찢어진 잎이 나오기 위해서는 6~7개 잎 다음부터 새로 나온답니다. 새로 나오는 잎을 억지로 피게되면 연약한 잎이 찢어지니 주의해주세요. 흰 잎은 대부분 햇빛을 흡수하지 못하기 때문에 흰 잎의 색을 유지하기 위해서는 일반 몬스테라보다 많은 양의 햇빛이 필요하고 따듯하고 습한 곳에 둬야해요. ,주 1~2회,"물 : 흙이 바싹 마르지 않게 흙 표면부터 3cm까지 마르면,  듬뿍 주세요.","반양지 햇빛을 좋아하지만, 그늘에서도 잘자라요",70%이상
스투키,"건조하고 따뜻한 아프리카에서 온 스투키는 강한 생존력으로 식물을 처음 키우는 사람들에게 많이 추천하는 식물이에요. 사실 ‘스투키’라는 식물은 우리가 키우는 스투키와는 다른 식물이에요. 국내에서 유통되는 스투키의 대부분은 ‘실린드리카’라는 식물이랍니다. 스투키와 비슷하게 생겼지만 성장 속도가 빨라서 성장 속도가 느린 스투키 대신 유통되고 있어요. 밤에 산소를 내뿜어 침실에 적합한 식물로 인기가 좋지만, 독성이 있어서 반려동물과 어린아이가 먹지 않도록 조심해야 합니다. ",월 1회,물 : 약간 목마르게 몸통이 약간 말랑말랑 해졌을 때 듬뿍 주세요. ,"반양지~ 반음지 햇빛을 좋아하지만, 그늘에서도 잘 자라요.   ",40~70%
마리모,"마리모는 동그랗게 생긴 귀여운 생김새로 색다른 느낌을 주는 식물이에요. 마리모는 담수성 녹조류로 일본의 야칸호에서 발견되었다고 해요. 추위와 어둠에 견디는 능력이 뛰어나고 더위를 싫어해, 한 여름에는 냉장고에 넣어두어도 좋다고 해요. 마리모가 떠오르는 것은 기분이 좋아서라고 하지만 사실 광합성에 의해 생긴 기포들 때문에 떠오르는 것이라고 해요.",주 1회,물 : 50% 환수 전체 물의 50%정도를 하루 전에 받아놓은 수돗물로 갈아주세요.,반음지 직접적인 햇빛은 피해주세요,-
틸란드시아 카풋 메두사,"틸란시아 카풋 메두사는 뱀이 달린 메두사의 머리를 닮은듯한 구불구불한 잎이 매력적인 식물이에요. 잎에는 부드러운 솜털(트리콤)이 있는데, 트리콤 이용해서 공기중의 수분이나 영양분을 흡수해요.",주 1~2회,"물 : 잎에 물이 고이지 않게 분무를 해주거나, 30분정도 물에 담가주세요.","반양지 햇빛을 좋아하지만, 그늘에서도 잘자라요",40~70%
틸란드시아 드루이드,틸란시아 드루이드는 틸란시아 이오난사와 많이 닮았지만 꽃이 필때가 되면 노잎이 노랗게 물들고 흰색의 꽃이 피는 차이점이 있어요. 분홍색의 꽃이 피는 틸란시아와 다르게 깨끗하고 맑은 느낌이 들어요.,주 1~2회,"물 : 잎에 물이 고이지 않게 분무를 해주거나, 30분정도 물에 담가주세요.","반양지 햇빛을 좋아하지만, 그늘에서도 잘자라요",40~70%
수염 틸란드시아,북아메리카에서 스페니쉬모스라고도 불리는 수염 틸란시아는 흙없이 키우는 공중식물이에요. 수염 틸란시아는 생김새와 다르게 파인애플과 식물이에요. 미세먼지 흡수에 탁월한 수염 틸란은 빛을 많이 받지못하면 흰 무늬가 옅어진답니다. 줄기에 붙어있는 하얀 털(트리콤)으로공기중에 있는 먼지와 습도를 통해 영양분을 흡수해요. 큰 공간을 차지 하지 않기 때문에 인테리어용으로 두면 공간활용과 은은한 분위기를 연출할수 있어요. ,주 1~2회,"물 : 잎에 물이 고이지 않게 분무를 해주거나, 30분정도 물에 담가주세요.",양지 햇빛이 있는 곳에서 잘자라요,40~70%
틸란드시아 애란토스,"틸란시아 애란토스는 약간 짧게 뻗치는 잎을 가졌어요. 위로 탑을 쌓듯이 나오는 잎이 매력적이에요. 햇빛이 잘 드는 곳에서 키우면 분홍색, 보라색의 아름다운 꽃을 볼 수 있어요.",주 1~2회,"물 : 잎에 물이 고이지 않게 분무를 해주거나, 30분정도 물에 담가주세요.","반양지 햇빛을 좋아하지만, 그늘에서도 잘자라요",40~70%
틸란드시아 시아네아,"키아네아는 '푸른 풀물이 짙게 염색 되었다'는 뜻으로 이에요. 보통의 틸란시아와 다르게 잎의 한가운데 있는 분홍색 포엽이라는 곳에서 보라색 꽃이 피고 언뜻보면 무늬가 없는 접란을 닮았어요. 공기중의 미세먼지를 먹고 자라는 키아네아는 파인애플과에 속하는 친구에요. 건조한 지역에서 온 키아네아는 다른 식물보다 물이 없고 자라기 힘든 곳, 모래와 절벽에서도 자라난답니다. 유럽에서는 키아네아의 꽃을 좋아해서 번식을 통해 많은 판매가 이루어진답니다.  ",주 1회,"물 : 잎에 물이 고이지 않게 물에 30분 담근 후, 물이 고이지 않게 말려주세요.","반음지 햇빛을 좋아하지만, 그늘에서도 잘자라요",40~70%
틸란드시아 바일레이,"틸란시아 바일레이는 가늘고 길게 뻗은 잎이 그리는 선이 아름다운 식물이에요. 자유분방하게 뻗은 잎이 만드는 그림자는 예술적이에요. 햇빛이 잘 드는 곳에서 키우면 분홍색, 보라색의 아름다운 꽃을 볼 수 있어요.",주 1~2회,"물 : 잎에 물이 고이지 않게 분무를 해주거나, 30분정도 물에 담가주세요.","반양지 햇빛을 좋아하지만, 그늘에서도 잘자라요",40~70%
무늬 아이비,"무늬 아이비는 황백색의 무늬가 매력적인 친구예요. 적응력이 뛰어나서 다양한 빛 조건에서도 잘 견디는 편이고, 관리도 어렵지 않은 식물이랍니다. 다만, 독성이 있어서  반려동물, 어린아이에게 주의가 필요합니다. ",주 2회,"물 : 흙이 바싹 마르지 않게 흙 표면부터 3cm까지 마르면, 듬뿍 주세요.","반양지~반음지 햇빛을 좋아하지만, 그늘에서도 잘 자라요",40~70%
틸란드시아 스트릭타,틸란시아 스트릭타는 촘촘하고 하늘한 느낌에 은빛잎이 매력적이에요. 햇빛이 잘 드는 곳에서 키우면 분홍색과 보라색의 꽃을 볼 수 있어요.,주 1~2회,물 : 잎에 물이 고이지 않게 물에 30분정도 담가주세요.,"반양지 햇빛을 좋아하지만, 그늘에서도 잘자라요",40~70%
틸란드시아 필리폴리아,틸란시아 필리폴리아는 코스타리카와 멕시코에 출신이에요. 가늘고 시원하게 뻗은 잎을 보면 사막이 생각나요. 다른 틸란시아와 다르게 들꽃을 닮은 소박하고 하늘하늘한 느낌의 작은 꽃이 여러개 펴요.,주 1~2회,"물 : 잎에 물이 고이지 않게 분무를 해주거나, 30분정도 물에 담가주세요.","반양지 햇빛을 좋아하지만, 그늘에서도 잘자라요",40~70%
틸란시아 세로그라피카,"흙 없이 키우는 공중식물 틸란시아 세로그라피카는 세계 멸정 위기 보호식물로 지정받은 식물이에요. 40cm 이상까지 자라고 수명이 20년이 넘는답니다. 납작한 잎에 스프링처럼 고불고불 말려있고 독특한 생김새, 우아한 은백색 색감을 가지고 있어서 해외에서는 틸란드시아 퀸 이라고도 불려요. 스툴이나 식물 스탠드에 올려두면 은은한 분위기를 연출할수 있어요. ",주 1~2회,"물 : 잎에 물이 고이지 않게 분무를 해주거나, 30분정도 물에 담가주세요.",양지 ~ 반양지 햇빛이 있는 곳에서 잘자라요,40~70%
드라세나 드라코 (용혈수),드라코는 백합과 식물로 아프리카에서 온 식물이에요. 잎의 모양이 길고 시원하게 위로 뻗어 있어 드라세나 마지나타와 닮았어요. 아프리카에서는 용의 나무로 불리고 20m까지 키가 자라라요. 우리나라에서는 실내에서 키우다 보니 1~2m까지 밖에 못자라요. 수천년 자라는 식물이라 생육이 매우 느린 편이에요. 크기가 크고 시원시원한 잎이 매력적이어서 카페나 고급 레스토랑에서 많이 볼 수 있는 식물이에요.,2주 1회,"물 : 약간 목마르게 흙 표면부터 3cm까지 마르면,  듬뿍 주세요.",양지 햇빛이 있는 곳에서 잘자라요,40~70%
아스파라거스 나누스,"백합과 식물 아스파라거스는 솜털같은 잎에 작고 귀여운 흰 꽃이 펴요. 잎모양이 가늘고 길이가 길어 지지대를 세워주면 좋답니다. 원예식물인 아스파라거스 나누스는 마트에서 파는 식용 아스파라거스와 다른 식물이니, 절대 섭취하시면 안돼요. 하늘하늘한 잎 때문에 인테리어 분위기를 고급스럽게 바꿔주어 카페나 레스토랑에서 많이 볼 수 있어요.",주 1~2회,"물 : 흙이 바싹 마르지 않게 흙 표면부터 3cm까지 마르면,  듬뿍 주세요.",반양지 직접적인 강한 빛은 피해주세요,40~70%
목마가렛,"국화과에 속하는 목마가렛은 카나리아 제도에서 왔어요. 나무처럼 줄기가 단단해져서 목 마가렛이라는 이름이 붙었고 외국에서는 Marguerite, Paris Dasiy 라는 이름으로 불려요. 흰색, 빨간색, 노란색 등 다양한 색의 꽃이 있어요. 보통 5월부터 1월까지 꽃이 피고 더운 것을 싫어하기 때문에 여름에는 시원한 곳에서 관리해주는 것이 좋아요. ",주 1~2회,"물 : 흙이 바싹 마르지 않게 흙 표면부터 3cm까지 마르면,  듬뿍 주세요.",양지 햇빛이 있는 곳에서 잘자라요.,40~70%
필로덴드론 버킨 (무늬콩고),"하얀 무늬가 매력적인 이 식물은 필로덴드론 로조 콩고 재배 과정에서 자연적 돌연변이로 나오게 되었어요. 변이가 불안정한 식물이라 시간이 흐르면 로조 콩고를 닮은 잎이 날 수도 있답니다. 초반에는 공급이 적어서 고가였지만 조직 배양 덕분에 대량 생산으로 널리 보급되고 있어요. 가격도 저렴하고 키우기 어렵지 않아서 인기 식물이에요. 다만, 독성이 있어서 어린아이와 반려동물의 손이 닿지 않는 곳에 두는 것이 좋습니다. ",주 1~2회,"물 : 흙이 바싹 마르지 않게 흙 표면부터 3cm까지 마르면,  듬뿍 주세요.","반양지 ~ 반음지 햇빛을 좋아하지만, 그늘에서도 잘자라요",70% 이상
디시디아 넘초크,디시디아 넘초크는 연두색 바탕에 끝이 살짝 뾰족하게 생긴 잎을 가진 식물이에요. 잎이 두툼한 다육질이라 많은 물을 필요로 하지 않아요. 착생식물이기 때문에 나무 줄기나 소라 등 다양한 곳에 올려서 기를 수 있어요.,주 1~2회,"물 : 약간 목마르게 분무를 해주거나, 30분정도 물에 담가주세요.","반양지 햇빛을 좋아하지만, 그늘에서도 괜찮아요.",40~70%
용신목,"멕시코에서 온 용신목은 '만세 선인장, 양팔 선인장' 이라는 별명을 가지고 있어요. 푸르스름한 청록빛을 지니고 있는 용신목은 현지에서 4~5m 까지도 자라나는 식물이랍니다. 용신목의 곧은 모습은 공간에 모던한 매력을 더해줘요.",한 달 1회,"물 : 약간 목마르게 흙 표면부터 3cm까지 마르면,  듬뿍 주세요.",양지 햇빛이 있는 곳에서 잘자라요.,40% 이하
블루 아이스,"블루 아이스는 피톤치드가 나오는 은백색 잎이 매력적인 침엽수에요. 일년 내내 민트색의 신비로운 잎 색을 유지하고, 추운 겨울이 되면 더욱 하얗게 변해요. 햇빛과 바람을 좋아해서 야외에서 키우는 것이 가장 좋지만, 베란다에서 키워도 잘 적응하는 편이에요. 블루 아이스의 잎을 흔들면 상큼한 향을 느낄 수 있어요.",주 1~2회,"물 : 흙이 바싹 마르지 않게 흙 표면부터 3cm까지 마르면,  듬뿍 주세요.",양지 햇빛이 있는 곳에서 잘자라요.,40~70%
보라 사랑초,"괭이밥과 식물, 자주 사랑초는 하트모양의 보라색 잎을 가졌어요. 연분홍색의 사랑스러운 꽃을 피어내 많은 사람들에게 사랑받는 식물이에요. 생명력이 강한 자주 사랑초는 따듯하고 햇빛이 잘 드는 환경에서 잘 자라요. 추운 겨울에는 구근상태로 휴면기를 지내고, 따뜻한 봄이 오면 다시 잎이 나와요. 햇빛에 민감하게 반응하는 보라 사랑초는 낮에는 햇빛을 보기 위해 잎을 활짝 열지만 밤의 경우 잎끼리 모여 서로 닫아버려요. 낮에도 잎이 닫혀 있다면 물주기가 필요한 시점이에요.",주 1~2회,"물 : 흙이 바싹 마르지 않게 흙 표면부터 3cm까지 마르면,  듬뿍 주세요.",양지 ~ 반양지 햇빛이 있는 곳에서 잘자라요.,40~70%
카네이션,"카네이션은 전세계에서 가장 많이 재배되는 꽃 중 하나이고, 카네이션이 부모님에 대한  감사와 존중의 의미로 선물되기 시작된 지는 100년이 훌쩍 넘었답니다.  카네이션은 추위에도 잘 견디고, 생육환경만 잘 맞춰주신다면 한해 내내 꽃을 볼 수 있는 식물입니다. 빛을 매우 좋아하는 특성이 있답니다.",주 1회,"물 : 흙이 말랐을 때 듬뿍주세요 흙 표면부터 3cm까지 마르면, 듬뿍 주세요",양지 햇빛이 있는 곳에서 잘자라요.,40~70%
썰프레아,"썰프레아는 피톤치드가 나오는 황금색 새순이 아름다운 침엽수에요. 알아서 수형을 잡으면서 성장하고 자리만 잘 잡는다면 성장속도도 빠른편이에요. 햇빛과 바람을 좋아해서 야외에서 키우는 것이 가장 좋지만, 베란다에서 키워도 잘 적응하는 편이에요. 햇빛을 많이 볼수록 새순의 잎이 노란 황금색으로 나와요. 썰프레아의 잎을 흔들면 상큼한 향을 느낄 수 있어요.",주 1~2회,"물 : 흙이 바싹 마르지 않게 흙 표면부터 3cm까지 마르면,  듬뿍 주세요.",양지 햇빛이 있는 곳에서 잘자라요.,40~70%
안스리움 포게티,"안스리움 포게티는 벨벳 질감의 진한 녹색 잎에 하얀색 뚜렷한 잎맥을 가진 열대식물이에요. 새순은 아주 작게 나와서 점점 커지는데, 이 모습이 아주 귀여워요. 물방울 모양의 잎을 가지고 있어 독특한 매력이 있답니다.",주 1~2회,"물 : 흙이 바싹 마르지 않게 흙 표면부터 3cm까지 마르면,  듬뿍 주세요.",양지 ~ 반양지 햇빛이 있는 곳에서 잘자라요,70%이상
디운에둘레 소철,"에둘레 소철은 뾰족하고 가는 잎이 아주 촘촘하게 자라나는 소철이에요. 어린 모종에서 나온 한 두개의 잎은 정말 사랑스러운 모습이에요. 소철 특성상 성장 속도가 느린 편이에요. 웃자라게 되면 좀 더 성숙한 에둘레 소철의 잎 모양과 비슷해지지만 웃자람은 식물이 건강한 상태가 아니에요. 빛이 잘드는 곳에서 기르며, 새 잎이 나옴에 따라 자연적으로 잎자루가 길어지고 잎몸이 커지게 하는것이 좋아요. ",2주 1회,"물 : 약간 목마르게 흙 표면부터 3cm까지 마르면,  듬뿍 주세요.",양지 햇빛이 있는 곳에서 잘자라요,40~70%
러브체인,"회색 무늬를 띄고 있는 박주가리과 식물, 러브체인은 잎이 하트모양으로 긴 넝쿨의 형태를 띄고 있는 있으며 뿌리가 감자와 같은 구근식물이에요. 러브체인은 건조에 강하고 과습에 약해요. 치렁치렁하게 자라는 습성이 있어 가끔씩 잘라서 손질해주세요. 손질한 줄기, 구근을 물꽂이 하거나 흙에 올려두고 가끔씩 물을 주면 번식이 잘 되는 편이어서 키우는 재미가 있어요. 햇빛이 잘 드는 베란다, 거실 창쪽에서 행잉 플랜트로 공간을 활용하면 색다른 분위기를 연출 할 수 있어요.",주 1회,"물 : 흙이 바싹 마르지 않게 흙 표면부터 3cm까지 마르면,  듬뿍 주세요.","반양지 햇빛을 좋아하지만, 그늘에서도 잘자라요.",40~70%
호야 콤팩타 (리본호야),호야과 식물 호야 '콤팩타'는 생김새가 꼬불꼬불하게 생겼어요. 리본 호야로도 불리는 콤팩타는 둥근 모양으로 분홍 꽃이 뭉쳐서 피고 꽃 한 개의 모양은 별모양을 닮았어요. 향기로운 분홍꽃의 특이한 점은 나온 자리에서만 다시 피어난답니다. 호야 콤팩타는 통통한 잎에 물을 저장하는 식물로 자주 물을 주지 않아도 물관리하기 쉬워서 집들이 선물로 좋아요.,주 1회,"물 : 흙이 바싹 마르지 않게 흙 표면부터 3cm까지 마르면,  듬뿍 주세요.","반양지 햇빛을 좋아하지만, 그늘에서도 잘자라요",40~70%
드라세나 와네키,"드라세나 와네키는 '데레멘시스' 줄기의 돌연변이 종으로 태어났어요. 잎이 길고 위로 뻗어 있답니다. 여러 드라세나 중 무늬가 있어 인기가 있는 친구에요. 잎의 색은 녹색, 흰색이며 2m 이상 크게 되면 5~10일 정도 꽃이 피어요. 이 꽃 향기가 매~우 진해서 수십 미터 까지도 향이 나요.",주 1회,"물 : 흙이 바싹 마르지 않게 흙 표면부터 3cm까지 마르면,  듬뿍 주세요.",양지 ~ 반양지 햇빛이 있는 곳에서 잘자라요,40~70%
티트리,"티트리 잎의 모양이 얇은 잎으로 모여 있다보니 전나무와 혼동하는 경우가 있어요. 소나무의 잎과 다르게 따갑지 않고 부드러운 촉감을 준답니다. 티트리는 성장속도가 빠르고 키가 큰 식물이에요. 상큼한 향을 지니고 있는 티트리는 살균, 피부 진정과, 여드름, 상처치유에 효과적이라고 해서 화장품으로 쓰여요. 생잎의 경우 아로마 테라피에 사용하는 오일로 사용되며 마시는 차의 경우 말려서 사용한답니다.",주 1~2회,"물 : 흙이 바싹 마르지 않게 흙 표면부터 3cm까지 마르면,  듬뿍 주세요.",양지 햇빛이 있는 곳에서 잘자라요.,40~70%
멜라니 고무나무,"멜라니 고무나무는 따뜻한 열대 지역 야생에서 키가 30m가 넘게 자라는 큰 나무예요. 적은 빛에서 잘 견디고 관리가 아주 쉬운 식물입니다. 게다가 산소발생량이 많아서 인기 있는 실내 식물입니다. 다만, 수액에는 독성이 있으니 어린아이와 반려동물로부터 멀리해야 합니다. ",주 1회,물 : 흙이 바싹 마르지 않게 흙 표면부터 3cm까지 마르면 듬뿍 주세요.,"반양지 ~ 반음지 햇빛을 좋아하지만, 그늘에서도 잘 자라요.",40~70%
시기지움 (피어리스),"피어리스라고 유통되고 있는 시기지움은 사계절 싱그러운 진녹색 잎을 보여주는 식물이에요. 해외에선 조경수로 사용되어 울타리로 연출되기도 하며, 체리와 비슷한 열매를 맺는다고 해서 영명이 Brush Cherry라 불린답니다. 가지치기를 통해 원하는 모양을 잡아주면 더욱 이쁘게 키울 수 어요. ",주 1~2회,"물 : 흙이 바싹 마르지 않게 흙 표면부터 3cm까지 마르면, 듬뿍 주세요.",양지 ~ 반양지 햇빛이 있는 곳에서 잘자라요.,40~70%
드라세나 콤팩타,"드라세나 콤팩타는 이름에서 느껴지듯 'Compacta, 밀집되다, 꽉 차있다' 의 의미로 잎의 배열이 촘촘하게 되어있어 얻어진 이름이에요. 잎은 광택이 있고 잎의 길이가 10cm 내외로 다른 드라세나 종에 비해 짧은 편이에요. 줄기와 잎이 위로 자라나는 성질을 지니고 있어요. ",주 1회,"물 : 흙이 바싹 마르지 않게 흙 표면부터 3cm까지 마르면,  듬뿍 주세요.","반양지 ~ 반음지 햇빛을 좋아하지만, 그늘에서도 잘자라요",40~70%
몬스테라 아단소니,"몬스테라 아단소니는 'Swiss cheese vine' 이라는 영명을 가지고 있는 것 처럼 잎의 생김새가 스위스 치즈처럼 구멍이 뚫려 있어요. 비가 아주 새차게 오는 곳에서 잎이 찢어지는 것을 막기 위해 잎에 구멍이 났다고 해요. 늘어지면서 자라는 습성이 있어 지주대를 세워 키우면 타고 올라가서 이쁜 수형을 만들 수 있고, 행잉을 해서 키워도 아주 예쁘답니다. 성장속도가 빠른 편이여서 키우는 재미를 쉽게 느낄 수 있어요. 몬스테라 오블리쿠아랑 비슷하여 일부 상인들이 속여서 팔고 있지만 다른 식물이랍니다. 몬스테라 오블리쿠아는 잎의 80%이상이 구멍이 뚫려 있고 아단소니보다도 더 얇은 잎을 가지고 있어요. ",주 1~2회,"물 : 흙이 말랐을 때 듬뿍 주세요 흙 표면부터 3cm까지 마르면,  듬뿍 주세요.","반양지 햇빛을 좋아하지만, 그늘에서도 잘자라요",70%이상
청페페,"청페페는 동그랗고 두툼한 잎을 가진 페페로미아 종류 식물이에요. 빛이 적은 곳에서도 잘 자라고, 잎이 두툼해서 물을 머금고 있기 때문에 건조에도 강한 편이에요. 화분에 심어 창가에서 키우면 윤기있는 잎 싱그러운 모습을 볼 수 있어요.",주 1~2회,"물 : 흙이 바싹 마르지 않게 흙 표면부터 3cm까지 마르면,  듬뿍 주세요.","반양지~반음지 햇빛을 좋아하지만, 그늘에서도 괜찮아요.",40~70%
줄리아 페페,줄리아 페페는 아몬드를 닮은 초록색 잎이 귀여운 식물이에요. 페페로미아 종류로 잎이 두툼해서 물을 머금고 있기 때문에 건조에 강한 편이에요. 빛이 다소 적게 드는 곳에서도 잘 자라준답니다.,주 1~2회,"물 : 약간 건조하게 흙 표면부터 3cm까지 마르면,  듬뿍 주세요.","반양지 햇빛을 좋아하지만, 그늘에서도 괜찮아요.",40~70%
보스턴 고사리,보스톤 고사리는 역사상 가장 오래된 식물 중 하나에요. 주로 잎이 아래쪽으로 휘어져 있어요. 건조한 환경에서 습도를 높이는데 좋은 식물이에요. 음이온을 발생시켜 실내의 공기를 상쾌하게 만들어 준답니다. 싱그러운 연두색 잎은 플로리스트와 가드너에게 꽃 장식용으로 친숙한 식물이에요. ,주 2~3회,"물 : 흙이 촉촉하게 젖도록 흙 표면부터 3cm까지 마르면,  듬뿍 주세요.","반음지 햇빛을 좋아하지만, 그늘에서도 잘자라요.  ",70%이상
에크메아 파시아타,"파시아타는 파인애플과에 속하는 식물이에요. 산세베리아의 무늬처럼, 스스로를 보호하려고 잎에 하얀 분이 묻어있어요. 잎과 뿌리 두군대로 양분과 수분을 흡수하는 식물이에요. 꽃은 잎 한가운데 분홍색 꽃받침이 올라오고 꽃받침 사이에 작은 보라색 꽃이 피어요. 파시아타는 원산지에서 바위나 나무에 붙어 자라는 친구에요. 습도가 높은 것을 좋아하고 잎 안에 자가 물탱크를 가지고 있어서 물을 머금고 있다가 수분보충을 하는 신기한 친구랍니다. 미지근한 물을 마르지 않게 중심 구멍에 새로 채워주시는게 좋아요.",2주 1회,"물 : 약간 목마르게 흙 표면부터 3cm까지 마르면,  듬뿍 주세요.","반음지 햇빛을 좋아하지만, 그늘에서도 잘자라요",40~70%
유카,"유카는 아가베 아테누아타와 같은 과의 식물이에요. 생김새는 날카로운 잎이 이국적이고 잎이 곧게 뻗어 있어요. 잎의 가장자리에 흰 실이 있는 유카를 '실유카' 라고 부르고 실 없는 유카를 '유카'로 불러요. 유카의 경우 허브의 한 종류로 미용, 화장품에 추출물로 사용되고 과거의 실유카의 경우 실을 뜯어내어 천을 만드는 섬유로 사용하기도했어요. 유카는 햇빛을 좋아해서 제주도와 같이 따듯한 지역에서는 야외에서도 자랄 수 있어요.",2주 1회,"물 : 약간 목마르게 흙 표면부터 3cm까지 마르면,  듬뿍 주세요.",양지 햇빛이 있는 곳에서 잘자라요,40% 이하
홍공작(무늬 백량금),"홍공작은 '백량금'이라는 식물의 잎 색 변이로 탄생한 식물로, 무늬 백량금이라고도 불리웁니다. 진보라색의 잎 색이 아주 신비한 느낌을 주는 홍공작은 빛이 적은 곳에서도 잘 자라고 관리하기 까다롭지 않아 초보가드너분들도 잘 키우실 수 있는 식물입니다. 빛의 양에 따라 잎 색이 변하는 재미를 느끼실 수도 있고 이파리 만으로도 꽃이 만개한 것 같은 화려한 느낌을 주며 여름에 하얀 작은 꽃이 피고, 가을이 되면 빨간 열매가 맺혀 관상미를 더해주는 팔색조의 매력을 가진 식물이랍니다. ",주 1회,"물 : 흙이 말랐을 때 듬뿍주세요 흙 표면부터 3cm까지 마르면, 듬뿍 주세요","반양지~반음지 햇빛을 좋아하지만, 그늘에서도 잘자라요",40~70%
오렌지 자스민,오렌지 자스민은 봄에 달콤한 향이 나는 흰색 꽃을 피우는 식물이에요. 꽃의 향이 오렌지와 자스민 향을 섞어놓은듯 해서 자스민이라고 불리고 있지만 사실 자스민은 아니랍니다.,주 2회,물 : 흙이 바싹 마르지 않게 흙 표면부터 3cm 마르면 물을 흠뻑주세요.,양지 ~ 반양지 햇빛이 있는 곳에서 잘자라요,40~70%
남천,"남천은 여유있는 느낌의 나풀거리는 잎이 멋진 식물이에요. 대나무와 올리브 나무를 섞어놓은 듯한 모습에, 가을에 빨갛게 물드는 단풍잎이 정말 사랑스러워요. 추위에도 아주 강해서 조경수로도 많이 활용되고 있어요. 햇빛을 좋아하지만, 다소 빛이 부족한 곳에서도 잘 자라는 편이에요.",주 1~2회,"물 : 흙이 바싹 마르지 않게 흙 표면부터 3cm까지 마르면,  듬뿍 주세요.",양지 햇빛이 있는 곳에서 잘자라요,40~70%
무스카리,'포도 히아신스' 라고도 불리는 무스카리는 수십개의 작은꽃이 피는  백합과의 구근식물이에요. 구근 지름은 2~5cm정도이고 꽃이 피면 약 10~30cm의 높이까지도 성장해요. ,싹이 나온 뒤 주2회,"물 : 흙이 바싹 마르지 않게 흙 표면부터 3cm까지 마르면, 듬뿍 주세요",양지 ~ 반양지 햇빛이 있는 곳에서 잘자라요,40~70%
마오리 소포라,"뉴질랜드 야생에서 작게 자라는 상록수예요. 감각적인 모양의 가지와 오밀조밀 귀여운 잎의 매력으로 코로키아, 뮬렌베키아와 함께 최근 인기가 많은 마오리 시리즈 중 하나랍니다. 귀여운 생김새와는 다르게 매우 강인한 식물이랍니다. 독성이 있으므로 반려동물과 어린아이가 있다면 조심해야 합니다.  ",주 1~2회,물 : 흙이 바싹 마르지 않게 흙 표면부터 3cm까지 마르면  듬뿍 주세요.,"반양지 햇빛을 좋아하지만, 그늘에서도 잘자라요",40~70%
필로덴드론 콩고,"남미에서 온 필로덴드론 콩고는 광택이나고 큰 잎을 가진 천남성과 식물이에요. 잎이 두꺼운 편인 콩고는 '그린콩고, 레드콩고'로 색에 따라 두가지로 나뉘어요. 의외로 생김새가 극락조 잎과 닮아 혼동하는 사람들도 있다고 해요. 구분하기 어려울땐 잎이 나오는 줄기 부분을 보면 알기 쉬워요. 큰잎을 가지고 있어 상대 습도 발생량도 높은 식물이랍니다.",주 1회,"물 : 흙이 바싹 마르지 않게 흙 표면부터 3cm까지 마르면,  듬뿍 주세요.","반음지 햇빛을 좋아하지만, 그늘에서도 잘자라요",40~70%
긴잎 아카시아,"호주 남동부의 퀸즐랜드 출신 긴잎 아카시아는  은백색의 긴 잎과 봄에 피는 복슬복슬한 노란색 꽃이 매력적인 친구랍니다. 생장 속도가 빠른 편이며,  7~8미터 까지도 자란답니다.",주 1~2회,"물 : 흙이 바싹 마르지 않게 흙 표면부터 3cm까지 마르면,  듬뿍 주세요.",양지 햇빛이 있는 곳에서 잘자라요,40~70%
스위트 바질,"바질은 그리스어로 왕을 의미하는 바실레우스에서 이름을 따서 허브의 왕이라 불러요. 레몬 바질, 타이 바질, 홀리 바질 등 종류가 다양한데, 흔히 키우는 바질은 스위트 바질이에요. 바질은 빛, 바람, 물을 좋아해서 실내에서 키울 때는 빛과 통풍에 신경 써줘야 해요. 먹기 위해 키운다면 잎 8개째마다 나오는 새순들은 매번 잘라주셔야 풍성한 바질을 만날 수 있답니다. 이러한 조건들을 잘 맞춰준다면 신선한 바질을 매일 식탁에서 만날 수 있을 거예  요.   ",주 1~2회,"물 : 흙이 마르지 않도록 흙 표면부터 3cm까지 마르면,  듬뿍 주세요.",양지 햇빛이 있는 곳에서 잘자라요,40~70%
페페로미아 페퍼스팟,"페페로미아 페퍼스팟은 작고 동그란 잎이 귀여운 식물이에요. 두툼한 잎에 수분을 저장 가지고 있으며,  다육식물과 비슷한 성질을 가지고 있답니다.  늘어지며 자라는 성질이 있어 공중에 매달아 연출해도 좋아요.",주 1~2회,"물 : 흙이 바싹 마르지 않게 흙 표면부터 3cm까지 마르면,  듬뿍 주세요.",양지 ~ 반양지 햇빛이 있는 곳에서 잘자라요,40~70%
페페로미아 프로스트라타,"페페로미아 프로스트라타는 거북이의 등을 닯은 작고 귀여운 잎을 가진 귀여운 식물이에요.  두툼한 잎에 수분을 저장 가지고 있으며,  다육식물과 비슷한 성질을 가지고 있답니다. 늘어지며 자라기 때문에 공중에 매달아 연출해도 좋아요. 잎이나 줄기가 떨어졌을 때는 흙 또는 물에 꽂아두면 새로운 뿌리도 나온답니다.",주 1~2회,"물 : 흙이 바싹 마르지 않게 흙 표면부터 3cm까지 마르면,  듬뿍 주세요.",양지 햇빛이 있는 곳에서 잘자라요,40~70%
극락조화,길고 시원하게 뻗은 줄기와 넓은 잎이 특징인 극락조는 주황색 꽃이 극락조를 닮아 극락조화라고 불리는 식물이에요. 극락조와 비슷한 식물로는 여인초가 있답니다. 두 식물은 구분하기 어려워 사람들이 많이 헷갈려 하는 식물이에요. 극락조는 주황색의 꽃이 피고 여인초는 흰색 꽃이 피는 차이점이 있어요. 또한 6~7년 이상 성장한 극락조는 크기가 여인초에 비해 작아요. 극락조의 꽃은 색감이 화려해 꽃다발이나 공간을 장식 할 때 사용되요. 카페와 레스토랑에서 인테리어용으로도 많이 키우며 공간에 우아한 매력을 더해주는 식물이에요. ,주 1~2회,"물 : 흙이 바싹 마르지 않게 흙 표면부터 3cm까지 마르면,  듬뿍 주세요.",양지 ~ 반양지 햇빛이 있는 곳에서 잘자라요,40~70%
멕시코 소철,멕시코 소철은 멕시코가 원산지인 잎이 넓은 소철이에요. 흔히 소철이라고 하면 뾰족 뾰족한 잎을 생각하지만 멕시코 소철은 둥글고 넓은 잎을 가지고 있답니다. 햇빛을 좋아하고 건조에 강한편이어서 그늘진 곳에서 기르면 웃자라서 잎 사이의 간격이 멀어질 수 있어요.,2주 1~2회,"물 : 약간 목마르게 흙 표면부터 3cm까지 마르면,  듬뿍 주세요.",양지 햇빛이 있는 곳에서 잘자라요.,40~70%
안스리움 안드레아눔,"꼬리를 닮은 꽃, 안스리움의 이름은  'anthos'와 'oura' 꽃과 꼬리의 합성어에요. 안스리움 안드레아넘은 막대모양의 신기한 꽃모양을 가지고 있고, 꽃옆을 감싸고 있는 불염포라는 잎도 붉은색, 분홍색, 흰색으로 다양하게 있어요. 계절에 상관없이 실내에서 온도만 맞으면 꽃이 2~3개월에 한 번씩 피어나요. 최근 전세계적으로 열대식물이 유행하면서 국내에도 많은 종류의 안스리움들이 소개되고 있어요.",주 1~2회,"물 : 흙이 바싹 마르지 않게 흙 표면부터 3cm까지 마르면,  듬뿍 주세요.",양지 ~ 반양지 햇빛이 있는 곳에서 잘자라요,70%이상
안스리움 크리스탈리넘,"안스리움 크리스탈리넘은 벨벳 질감의 진한 녹색 잎에 하얀색 뚜렷한 잎맥을 가진 열대식물이에요. 예쁜 모양 때문에 교배종이 많아 다양한 종류의 크리스탈리넘이 있어요. 새순은 아주 작게 나와서 점점 커지는데, 이 모습이 아주 매력적인 식물이랍니다. ",주 1~2회,"물 : 흙이 바싹 마르지 않게 흙 표면부터 3cm까지 마르면,  듬뿍 주세요.","반양지 햇빛을 좋아하지만, 그늘에서도 잘자라요",70%이상
해피트리,행운과 제물을 가져다준다고 하는 해피트리는 중국에서는 '부귀수' 라고 불려요. 푸른 잎이 시원해보이는 외모를 갖고 있어요. 흰 방울 꽃과 비슷한 꽃을 피운답니다. 해피트리는 과습한 환경보다 건조하게 키우는게 좋아요. ,주 1회,"물 : 약간 목마르게 흙 표면부터 3cm까지 마르면,  듬뿍 주세요.","반양지 햇빛을 좋아하지만, 그늘에서도 잘자라요.",40~70%
마오리 코로키아,코로키아는 원산지인 뉴질랜드에서는 야생에서 자라는 부쉬형태로 많이 볼 수 있는 식물이에요. 우리나라에서는 임의적으로 만든 분재 또는 작은 나무로 판매된답니다. 지그재그로 얽혀있는 검은색 줄기와 은색 잎이 매력적이에요. 언뜻보면 죽은듯한 모습이지만 그게 코로키아만의 매력이에요. 코로키아는 북유럽풍 느낌을 물씬 주며 공간에 은은하고 깔끔한 매력을 더해 줄 수 있는 식물이에요.,주 1~2회,"물 : 흙이 바싹 마르지 않게 흙 표면부터 3cm까지 마르면,  듬뿍 주세요.",양지~반양지  햇빛이 있는 곳에서 잘자라요.,40~70%
휘카스 움베르타,뽕나무과 휘커스 움베르타는 얇지만 넓은 잎을 지니고 있어요. 인도고무나무와 비슷한 조건에서 자라나는 휘카스 움베르타는 특이하게 꽃이 피지 않고 무화과처럼 열매안에 꽃이 생기는 식물이에요. 잎이 넓어 음이온과 산소 발생량도 높은 편이라 산소 제조기라고도 불려요. 열매의 경우 에스트로겐 합성물질이 있어서 폐경기 여성의 생리장애에 사용되요.,주 1~2회,"물 : 흙이 바싹 마르지 않게 흙 표면부터 3cm까지 마르면,  듬뿍 주세요.",양지 ~ 반양지 햇빛이 있는 곳에서 잘자라요,40~70%
여인초,"시원시원한 넓은 잎이 매력적인 여인초와 비슷한 식물로는 극락조가 있답니다. 두 식물은 구분하기 어려워 사람들이 많이 헷갈려 하는 식물이에요. 구분하기 위해 씨앗을 보면 극락조의 경우 꽃의 색과 비슷하게 주황색 털이 있고, 여인초의 경우 파란 털을 지니고 있어요. 또한 6~7년 이상 성장한 극락조는 크기가 여인초에 비해 작아요. 여인초는 거실이나 카페 등 넓은 곳에서 공간을 멋지게 꾸며주는 식물이에요.",주 1~2회,"물 : 흙이 바싹 마르지 않게 흙 표면부터 3cm까지 마르면,  듬뿍 주세요.","반양지 햇빛을 좋아하지만, 그늘에서도 잘자라요.     ",40~70%
크루시아,"크루시아는 동그랗고 두툼한 잎을 가진 식물이에요. 빛이 적은 곳에서도 잘 자라고, 잎이 두툼해서 물을 머금고 있기 때문에 건조에도 강한 편이에요. 청페페와 닮았지만 크루시아는 잎 끝이 더 뾰족하고 자라면서 점점 더 나무처럼 목대가 생긴답니다.",주 1~2회,"물 : 흙이 바싹 마르지 않게 흙 표면부터 3cm까지 마르면,  듬뿍 주세요.","반양지 햇빛을 좋아하지만, 그늘에서도 괜찮아요.",40~70%
비화옥,아르헨티나에서 온 선인장과 비화옥은 길이가 작고 낮은 원형의 식물이에요. 키우기가 쉽고 손이 많이 안가서 바쁜 현대인들이 많이 키우기 좋답니다 :)  2~7월에 적색 계열의 꽃과 흰꽃을 피워요. 선인장은 밤에 실내의 이산화탄소를 제거 하고 산소를 많이 뿜는 성격이 있어요. 햇빛이 잘들고 바람이 잘 부는 곳이 좋아요.,한 달 1회,"물 : 약간 목마르게 흙 표면부터 3cm까지 마르면,  듬뿍 주세요.",양지 햇빛이 있는 곳에서 잘자라요.,40% 이하
떡갈잎 고무나무,"뽕나무과 식물인 떡갈잎 고무나무는 바이올린을 닮은 크고 넓은 잎으로 중후함을 떡갈나무의 잎을 닮아 '떡갈잎 고무나무'라고 불러요. 고무나무 종류는 키우기 쉽고 손이 많이 안 가는 편이라 꾸준히 인기가 많은 식물이랍니다. 다만, 하얀 진액에 독성이 있어서 반려동물과 어린아이가 있는 곳에서는 주의해서 키워 주세요.  ",주 1회,"물 : 흙이 바싹 마르지 않게 흙 표면부터 3cm까지 마르면, 듬뿍 주세요","반양지 햇빛을 좋아하지만, 그늘에서도 잘 자라요",40~70%
시클라멘,"시클라멘은 공중에 둥둥 떠있는 난을 닮은 꽃이 있는 식물이에요. 구근 식물이어서 겨울에 꽃을 한껏 피우고 날씨가 따뜻해지면 휴면기로 접어들어요. 꽃 색상은 보라색, 흰색, 분홍색 등등으로 다양하고 프릴이 있는 품종도 있어요.",주 1~2회,"물 : 흙이 바싹 마르지 않게 흙 표면부터 3cm까지 마르면,  듬뿍 주세요.","반양지 햇빛을 좋아하지만, 그늘에서도 괜찮아요.",40~70%
오색 마삭줄 (초설 마삭줄),"오색 마삭줄은 흰색, 핑크색, 붉은색, 초록색, 연두색의 다양한 색상을 갖고 있어 오색 마삭줄, 초설 마삭줄이라 불리고 있어요. 햇빛이 많은 곳일 수록 잎의 색상이 예쁘게 나와요. 가을엔 빨갛게 물도 든답니다. 초여름에 향기가 있는 흰색 꽃이 피고, 야외에서 잘 자라서 조경 식물로도 많이 활용되고 있어요.",주 1~2회,"물 : 흙이 바싹 마르지 않게 흙 표면부터 3cm까지 마르면,  듬뿍 주세요.",양지 햇빛이 있는 곳에서 잘자라요.,40~70%
연화죽,연화죽은 대나무를 닮은 생김새를 지니고 있지만 대나무와 다르게 속이 꽉 차있는 식물이에요. 초보자가 키우기 정말 쉬운 식물로 일반적으로 가정에서는 물에 담구어 키우기도 해요. 개운죽과 많이 닮았지만 마디사이의 간격이 짧고 통통한 느낌이에요.,주 1회,"물 : 흙이 촉촉하게 젖도록 흙 표면부터 3cm까지 마르면,  듬뿍 주세요.","반양지 햇빛을 좋아하지만, 그늘에서도 잘자라요",40~70%
산세베리아 문샤인,"아프리카에서온 산세베리아 문샤인은 산세베리아의 품종 중 하나의 종류에요. 이불을 감싼 듯이 잎이 겹처있고, 일반 산세베리아와 다르게 잎에 무늬가 없어요. 은은한 은색 빛을 띄는 색상을 지니고 있어요. 건조한 지역에서 온 다육식물, 문샤인은 다육질이기에 절대 물을 자주 주시면 안되요. 차갑고 습기가 많은 흙에서는 쉽게 부패하기 때문에 물을 자주 주지 않는게 포인트랍니다.",3주 1회,물 : 약간 목마르게 잎이 쪼글쪼글해지면 주세요.,"반양지 햇빛을 좋아하지만, 그늘에서도 잘자라요",40~70%
"지바시스 펠루치다 (실달개비, 엘레강스)","지바시스 펠루치다는 닭의장풀과 식물로 실달개비라고도 불리는 친구에요. 유통명은 엘레강스, 엘레강스 달개비라고도 불리며 안개꽃의 꽃과 많이 닮아 있아 혼란을 주기도 한답니다. 잎들이 뭉쳐 모여, 잎 사이에 작은 흰 꽃이 여러군데 피어나요. 신부 면사포 'Bridal Veil' 이라는 영어 이름을 가지고 있어서 결혼식을 떠올리게 젊은 부부에게 선물 한다면 더욱 좋은 식물이랍니다.",주 1~2회,"물 : 흙이 촉촉하게 젖도록 흙 표면부터 3cm까지 마르면,  듬뿍 주세요.","반양지 햇빛을 좋아하지만, 그늘에서도 잘자라요",40~70%
알로카시아 프라이덱,알로카시아 프라이덱은 벨벳 질감의 진한 녹색잎에 흰색 잎맥이 대비되는 식물이에요. 외국에서는 Green Velvelt Alocasia라고도 불리고 있어요. 빛이 드는 곳에서 보면 꼭 형광처럼 빛나는 착각마저 들게해요. 아주 매력적인 식물이지만 키우기는 다소 어려운 편이에요. 습한 곳을 좋아하고 부드러운 햇빛을 좋아해요.,주 1~2회,"물 : 흙이 바싹 마르지 않게 흙 표면부터 3cm까지 마르면,  듬뿍 주세요.","반양지 햇빛을 좋아하지만, 그늘에서도 괜찮아요.",70%이상
왜성 바나나,한 여름 시원함을 전해주는 바나나나무는 밝혀진 종류로는 40가지 정도가 있어요. 파초와 비슷한 잎을 가지고 있어 혼동하기도 해요. 햇빛을 좋아하는 왜성바나나는 직사광선에도 괜찮고 실내의 경우 햇빛이 가장 잘 드는 곳이 좋아요. 바나나 잎은 종이처럼 얇아서 쉽게 찢어 질 수 있으니 각별히 신경써주세요. 바나나는 병충해가 생기기도 쉬우니 주기적으로 관찰해주세요. 바나나는 열대지방이나 큰 온실이 아닌 이상 꽃을 피우고 열매를 맺기 어려워요. 시원한 열대 분위기를 내주어서 카페나 플랜테리어에 사용하면 좋아요. ,주 1~2회,"물 : 흙이 바싹 마르지 않게 흙 표면부터 3cm까지 마르면,  듬뿍 주세요.",양지 ~ 반양지 햇빛이 있는 곳에서 잘자라요.,70%이상
호야 카르노사 (무늬 호야),"동남아와 호주에서 온 호야 카르노사는 현지에서 나무껍질, 돌 틈에 착생해요. 'Wax plant' 라는 영명을 지니고 있는 호야는 왁스칠을 한 듯, 광택이 나는 잎을 가지고 있어요. 건조하게 관리하는게 좋으며 과습에 약해요.이쁜 꽃을 보기 위해서는 5~9월 사이, 낮 12시간 이상 한 달 넘게 빛을 받아야 해요. 온도변화에 민감해서 한 공간에서 키우는게 좋아요. 향기나는 분홍, 흰색 꽃을 피우는 호야의 잎은 다육질로 이루어져 있고 매년 꽃이 피는 자리에서 꽃이 피어요. 늘어지듯이 자라서 행잉화분에 심어 공중에 매달아서 많이 키워요",주 1회,"물 : 흙이 바싹 마르지 않게 흙 표면부터 3cm까지 마르면,  듬뿍 주세요.",양지 ~ 반양지 햇빛이 있는 곳에서 잘자라요,40~70%
십이지권,"하월시아 속, 다육식물 십이지권은 얼룩말 무늬를 가지고 뾰족한 잎을 가진 친구에요. 밤에 실내의 이산화탄소를 제거 하고 산소를 뿜는 성격이 있는 CAM 식물이에요. 잎의 길이가 5cm 정도 밖에 되지 않는 앙증맞은 식물이랍니다. 무늬를 빼면 미니알로에와도 비슷한 생김새를 가지고 있어요. 햇빛을 많이 받으면 초록색 잎이 갈색으로 변해요. 오랜시간 강한 햇빛에 노출되면 잎이 탈 수 있으니 주의해주세요.",2주 1회,"물 : 약간 목마르게 흙 표면부터 3cm까지 마르면,  듬뿍 주세요.","반음지 햇빛을 좋아하지만, 그늘에서도 괜찮아요.",40~70%
튤립,"튤립은 봄에 형형색색의 황홀한 꽃을 보여주는 백합과에 속하는 추식 구근식물이에요. 튤립은 과거에 유럽에서 엄청난 인기를 끌어 비싼 가격에 거래 되었어요. 지금은 저렴한 가격에 구근을 구매하거나 절화시장에서 만나볼 수 있어 요. 봄에 튤립축제에서 빨강, 분홍, 흰색, 보라색의 꽃을 볼 수 있어요. 꽃이 피고 난 구근은 관리를 잘 해주면 내년에도 볼 수 있지만, 우리나라 기후에서는 제대로 관리하기 힘들어 일회성 구근으로 생각하는 것이 좋아요.",싹이 나온 뒤 주 2회,"물 : 흙이 바싹 마르지 않게 흙 표면부터 3cm까지 마르면, 듬뿍 주세요",양지 햇빛이 있는 곳에서 잘자라요.,40~70%
필로덴드론 멜라노크리섬,필로덴드론 멜라노크리섬은 어두운 초록색 바탕에 벨벳 질감의 잎이 멋진 식물이에요. 하트 모양의 길쭉한 잎 모양을  갖고 있어요. 원산지 에서는 잎의 길이가 50cm 넘게 길어진다고 해요. 환경만 잘 갖춰진다면 우리나라에서도 그 멋진 모습을 볼 수 있어요. 새잎의 색상은 붉은 구리색과 노란색으로 나와 성장하며 카키색으로 변해요. ,주 1~2회,"물 : 흙이 촉촉하게 젖도록 흙 표면부터 3cm까지 마르면,  듬뿍 주세요.","반양지 햇빛을 좋아하지만, 그늘에서도 잘자라요",70% 이상
필레아 페페로미오데스,"동전식물, UFO식물, 팬케이크' 식물이라고도 불리는 페페로미아는 사방으로 자라는 둥근 잎을 가지고 있어요. 외형이 독특해서 어린아이들에게도 인기가 좋아요. 잎의 모양이 후추를 닮은 후추과 식물이에요. 반그늘에서도 잘 자라지만 햇빛을 보지 못하면 잎이 숟가락처럼 휘고, 잎의 색이 옅어져요. 빛이 잘 드는 곳에서 키우다 보면 화분에서 조그마한 잎이 올라오는데, 필레아 페페로미오데스의 자식들이랍니다. 어느 정도 성장했을 때 분리해서 화분에 심어주시면 금새 대가족이 되어있을 거에요.",주 1~2회,"물 : 흙이 바싹 마르지 않게 흙 표면부터 3cm까지 마르면,  듬뿍 주세요.","반양지 햇빛을 좋아하지만, 그늘에서도 잘자라요",40~70%
콜레우스,콜레우스는 다양한 무늬와 화려한 잎 색이 매력적인 식물이에요. 계절과 햇빛 양에 따라 잎의 색상이 변해요. 햇빛을 좋아하지만 잎이 얇기 때문에 너무 강한 햇빛에서는 잎이 탈 수 있어요. 깻잎과 사촌지간이어서 잎의 톱니 모양이 비슷하고 향기가 나요. 동남아에서 와서 추위에 약하기 때문에 겨울이 오기전 줄기를 잘라 미리 번식해놓는 것도 좋아요.,주 1~2회,"물 : 흙이 바싹 마르지 않게 흙 표면부터 3cm까지 마르면,  듬뿍 주세요.",양지 햇빛이 있는 곳에서 잘자라요.,40~70%
사랑초 옵투사,사랑초 옵투사는 다양한 색의 꽃이 피는 식물이에요. 가을에 구근을 심으면 겨울이 끝날때부터 봄까지 예쁜 꽃을 감상할 수 있어요. 꽃이 지고 나서 봄부터 가을까진 구근상태로 휴면기를 보내요.,주 1~2회,"물 : 흙이 바싹 마르지 않게 흙 표면부터 3cm까지 마르면,  듬뿍 주세요.",양지 햇빛이 있는 곳에서 잘자라요,40 ~ 70%
녹영,녹영은 국화과의 식물로 콩란이라고도 불리는 식물이에요. 작고 예쁜 완두콩 모양의 덩굴 모양으로 자라나며 외국에서는 진주목걸이라는 이름으로 불리기도 한답니다. 늘어지며 자라는 성질이 있어 행잉 화분에 심어 공중에 걸어두어도 좋아요.,2주 1회,"물 : 흙이 바싹 마르지 않게 흙 표면부터 3cm까지 마르면,  듬뿍 주세요.","반양지 햇빛을 좋아하지만, 그늘에서도 잘자라요",40~70%
필로덴드론 플로리다뷰티,필로덴드론 플로리다 뷰티는 여러 개로 갈라지는 독특한 모양의 잎을 가진 식물이에요. 새 잎이 나올 때마다 다르게 나오는 무늬가 정말 매력적이랍니다.,주 1~2회,"물 : 흙이 촉촉하게 젖도록 흙 표면부터 3cm까지 마르면,  듬뿍 주세요.","반양지 햇빛을 좋아하지만, 그늘에서도 잘자라요",70%이상
코코스 야자 (코코넛 야자),"코코스 야자는 야자의 일반적인 잎모양과 달라요. 어렸을 때는 한개의 잎 처럼 뭉쳐서 나오지만 성장 하면서 피닉스야자의 모습과 비슷하게 잎이 나뉘어 자란답니다. 코코스 야쟈의 열매, 코코넛은 음식, 화장품, 오일, 식물을 심는 재료 등 다양한 용도로 많이 사용되어서 우리에게 활용도 높은 식물이에요. 잎이 넓어 습도를 올려주고 공기정화에도 도움을 준답니다.",주 1~2회,"물 : 흙이 바싹 마르지 않게 흙 표면부터 3cm까지 마르면,  듬뿍 주세요.","반양지 햇빛을 좋아하지만, 그늘에서도 잘자라요",40~70%
축전,"축전은 하트모양을 닮아 많은 사랑을 받고 있는 다육식물이에요. 코노피튬 속의 하트모양 식물들이 축전이라고 유통되고 있고, 코노피튬 빌로붐(bilobum), 미어리(meyeri) 등 다양한 품종이 있어 꽃의 색상이나 크기, 모양이 조금씩 달라요. 일년에 한번 꽃을 피우고 탈피를 통해서 번식하는 독특하고 귀여운 식물이에요.",주 1회,"물 : 약간 목마르게 흙 표면부터 3cm까지 마르면,  듬뿍 주세요.","반양지 햇빛을 좋아하지만, 그늘에서도 괜찮아요.",40~70%
트리안,트리안는 아주 작고 둥근 잎을 가진 식물이에요. 잎이 얇은 편이고 빛이 적게 드는 곳에서도 잘 자라지만 너무 빛이 적은 곳에서는 웃자랄 수 있어요. 물을 아주 좋아해서 물이 부족하면 잎이 금새 마를 수 있어요. 늘어지면서 자라는 습성이 있어 행잉화분에 심어 공중에 걸어놔도 멋지게 연출할 수 있어요.,주 2~3회,"물 : 흙이 촉촉하게 젖도록 흙 표면부터 3cm까지 마르면,  듬뿍 주세요.","반양지 햇빛을 좋아하지만, 그늘에서도 잘자라요.",40~70%
헤데라 (아이비),전세계적으로 많은 품종이 개발되어 있는 아이비는 잎 모양과 색이 다양해요. 줄기가 덩굴로 되어 있어서 벽을 타고 올라가기도 해요. 물주기가 어렵다면 흙을 깨끗이 털어 물에 키우는 수경재배로 키우시면 좋아요.,주 1~2회,"물 : 흙이 바싹 마르지 않게 흙 표면부터 3cm까지 마르면,  듬뿍 주세요.","반음지 ~ 음지 햇빛을 좋아하지만, 그늘에서도 잘자라요",40~70%
안스리움 클라리너비움,안스리움 클라리네비움은 벨벳 질감의 진한 녹색 잎에 하얀색 뚜렷한 잎맥을 가진 열대식물이에요. 새순은 아주 작게 나와서 점점 커지는 매력적인 식물이랍니다.,주 1~2회,"물 : 흙이 바싹 마르지 않게 흙 표면부터 3cm까지 마르면,  듬뿍 주세요.","반양지 햇빛을 좋아하지만, 그늘에서도 괜찮아요.",70%이상
왁스 플라워,"왁스 플라워는 가늘고 여리여리한 잎에 수수한 꽃이 피는 식물이에요. 보라색, 흰색, 붉은색 등 아주 다양한 색상의 꽃이 겨울에서 봄까지 펴요. 절화로 많이 쓰였지만 최근에는 화분에 심어진 왁스 플라워도 많이 유통되고 있어요. 호주에서 온 왁스플라워는 건조에 강하고 습한 것을 싫어한다고 해요.",주 1~2회,"물 : 흙이 바싹 마르지 않게 흙 표면부터 3cm까지 마르면,  듬뿍 주세요.",양지 햇빛이 있는 곳에서 잘자라요.,40~70%
스노우 스파티필름,"스노우 스파티필름은 벨벳같은 보들보들한 잎에 하얀 줄무늬가 매력적인 식물입니다. 빛이 많이 들지 않는 환경에서도 잘 견디고 꽃도 피우며 공기 정화 능력도 매우 뛰어난 팔방미인이랍니다. 반면, 잎에 독성이 있어 아이가 있는 집이나 반려동물이 있는 집에서는 주의해서 키워야 해요. 수돗물의 염소성분에 예민하기때문에 수돗물을 바로 사용하면 잎에 갈색 반점이 생기거나 잎 끝이 갈색으로 타들어갈 수 있어요. 정수된 물을 사용하시거나 수돗물을 하루 정도 받아두었다가 사용해주세요.",주 1~2회,"물 : 흙이 바싹 마르지 않게 흙 표면부터 3cm까지 마르면, 듬뿍 주세요.","반양지~반음지 햇빛을 좋아하지만, 그늘에서도 잘자라요.",40~70%
녹탑,녹탑은 그 모양이 마치 시계줄 같이 생겨서 'Watch Chain'이라고 불리우는 다육식물이에요. 돌나물과에 속하기 때문에 야외에서 강한 빛을 받고 자라면 꽃이 피기도 한답니다. 녹탑은 키가 작고 아담해서 테라리움을 장식할 때도 많이 사용돼요. 키우기도 어렵지 않아 초보 가드너들에게 추천하는 식물이랍니다.,월 1~2회,"물 : 약간 목 마르게 흙 표면부터 3cm까지 마르면, 듬뿍 주세요.","양지 햇빛을 좋아하지만, 그늘에서도 잘자라요.",40~70%
덕구리난,"덕구리난은 백합과 식물로 천년을 살아간다고 하는 식물이에요. 이름의 난이 들어가지만 난의 종류는 아니며 줄기부분이 코끼리의 발을 닮았다고 해서 'elephant foot' 코끼리 발이라는 영어 이름을 가지고 있답니다. 일본에서는 작은 술병을 닮아 '돗쿠리'라고도 불려요. 물이 적은 멕시코 사막에서 온 덕구리난은 환경에 적응한 식물이에요. 물을 저장 하는 아래 줄기가 발달되어서 덕구리는 건조에 강해요. 오랜 시간 키울 수 있고 1년에 10cm 정도 성장해요. 충분한 크기에 화분에 키우시는게 성장에 좋아요. 덕구리난은 하얀 꽃을 피우는데, 이 꽃을 보기 위해서는 10년의 시간이 걸린다고 해요.",월 1~2회,"물 : 약간 목마르게 잎에 힘이 없고, 흙표면이 충분히 말랐다면 듬뿍주세요",양지 햇빛이 있는 곳에서 잘 자라요,40% 이하
백묘국,하얀 토끼를 닮은 국화라 해서 백묘국이라고 불리는 친구에요. 우리나라에도 17종이 있고 전세계로 2000~3000 종류가 있어요. 이불을 덮고 있는 것처럼 촘촘한 흰 털들이 잎을 덮고 있으며 부드러울 것 같지만 잎을 만져보면 조금은 건조함이 느껴진답니다.,주 1~2회,"물 : 흙이 바싹 마르지 않게 흙 표면부터 3cm까지 마르면,  듬뿍 주세요.",양지 ~ 반양지 햇빛이 있는 곳에서 잘자라요,40~70%
은엽 아카시아,"많이 알고 있고 오해하고 있는 아카시아 나무는 아까시나무라 하는 식물이에요! 노란 꽃을 피는 은엽 아카시아가 진짜 아카시아 나무랍니다. 아까시 나무는 흰 꽃이 피우고 은엽아카시아 나무는 동그랗고 노란 꽃을 피워요. 호주에서 자라는 은엽 아카시아는 물빠짐이 잘되고 바람과 햇빛을 좋아해요. 은백색의 잎은 이국적인 느낌을 주어 카페 인테리어로 많이 사용되고, 향기로운 꽃은 향수의 원재료로 사용되요.",주 1~2회,"물 : 흙이 바싹 마르지 않게 흙 표면부터 3cm까지 마르면,  듬뿍 주세요.",양지 햇빛이 있는 곳에서 잘자라요,40~70%
화이트 고스트,"독특한 색을 가지고 있는 화이트 고스트는 유포르비아 '락테아' 의 종류 중 하나에요. 잎의 엽록소가 부족해서 하얀 몸통을 지니고 있고. 크게 2m까지 나무처럼 자라나는 식물이랍니다. 생김새가 건조한 기후에서 잘 자라는 선인장 같지만, 습한 기후에서도 잘 버텨요. 화이트 고스트를 자르게 되면 하얀 액체가 나오고, 이 수액은 고무나무의 수액과 비슷하게 독성이 있으니 눈, 약한 피부에 닿지 않게 주의해주세요.",2주 1회,"물 : 약간 목마르게 흙 표면부터 3cm까지 마르면,  듬뿍 주세요.","반양지 햇빛을 좋아하지만, 그늘에서도 잘자라요",40~70%
율마 (윌마),"율마는 측백나무과의 침엽수에요. 일 년 내내 밝은 연둣빛 잎과 상큼한 레몬 향이 매력적인 식물이죠. 바다 안개가 자욱하면서 시원한 곳에 사는 율마는 환경을 적절히 맞춰주기 까다로울 수 있어요. 여름에는 조금 시원하게, 겨울에는 약간 따뜻하게 키운다면 화분에서 한 그루 나무의 모습을 느낄 수 있는 몇 안 되는 식물 중 하나랍니다. 동물에게 약간의 독성이 있으므로 반려동물이 있다면 주의해 주세요.  ",주 1~2회,물 : 흙이 바싹 마르지 않게 흙 표면부터 3cm까지 마르면 듬뿍 주세요.,양지 햇빛이 있는 곳에서 잘자라요,40~70%
베고니아,"베고니아는 열대 및 아열대 지방에서 온 식물이에요. 2000종 이상의 베고니아가 있어 꽃을 관상하는 베고니아, 잎을 관상하는 베고니아 등 아주 많은 종류가 있어요. 키우기 어렵고 까다로운 종류도 많지만 길거리에서도 키울 수 있는 쉬운 베고니아들도 있답니다. 주로 잎을 관상하는 베고니아는 매니아층이 두터운 편이고, 그 매력에 빠지면 나오기 힘들거에요.",주 1~2회,"물 : 흙이 촉촉하게 젖도록 흙 표면부터 3cm까지 마르면,  듬뿍 주세요.",양지 ~ 반양지 햇빛이 있는 곳에서 잘자라요,70%이상
칼라데아 세토사,"칼라데아 세토사는 칼라데아 속 마란타과 식물로서 이쁜 외형을 자랑하는 식물이에요. 길고 둥근 잎이 일품인 칼라데아 세토사는 잎의 윗면에는 길게 뻗은 줄무늬가 시원스럽게 뻗어 있어 마치 호랑이 무늬를 연상시켜요. 같은 칼라데아 속 식물인 칼라데아 프레디와 겉모습은 비슷하지만 칼라데아 세토사는 멋지게 자라난 잎 뒷면에 아름다운 버건디색을 감추고 있어요. 갈색의 솜털이 보송보송한 줄기는 거미의 다리가 생각나요. 칼라데아는 기도하는 식물로 불리며, 수분 손실을 최소화 하기위해서 밤에는 잎이 위를 향하고 낮에는 아래로 향해요. 자생지에서 큰 식물 아래에 있는 식물이에요. 다른 식물 사이에 배치하거나 가습기를 이용해서 높은 습도를 유지해주는 것이 중요해요.",주 1~2회,"물 : 흙이 바싹 마르지 않게 흙 표면부터 3cm까지 마르면,  듬뿍 주세요.","반양지 햇빛을 좋아하지만, 그늘에서도 잘자라요",70%이상
알로카시아 오도라,"동남아시아, 베트남에서 온 알로카시아 오도라는 영어로 'Elephant ear plant' 이라고도 불릴 만큼 잎이 코끼리 귀 처럼 크고 넓어요. 시원한 잎과 긴 줄기를 가져 열대의 분위기를 낼 수 있어요. 새로 나오는 잎은 연한 초록색이며 시간이 지날 수록 녹색을 나타내요. 새로운 잎이 나올 때, 오래된 잎은 스스로 떨어저 목대가 된답니다. 억지로 떼어주게 되면 목대가 가늘어지기 때문에 잎이 완전히 노랗게 될 때까지 기다려주세요. ",주 1회,"물 : 흙이 바싹 마르지 않게 흙 표면부터 3cm까지 마르면,  듬뿍 주세요.","반양지 햇빛을 좋아하지만, 그늘에서도 괜찮아요.",70%이상
필로덴드론 옥시카르디움 '브라질',"브라질 국기를 닮아 옥시카르디움 브라질이라 불리는 옥시카르디움은 스킨답서스를 닮았어요. 옥시카르디움의 돌연변이 종으로 녹색 잎 사이에 노란색 무늬가 들어가 있고 하트 모양이에요. 잎의 크기는 15cm, 전체 길이는 2m 까지도 자라요. 늘어지면서 자라는 습성이 있어 지주대를 세워 키우면 타고 올라가서 이쁜 수형을 만들 수 있어요.",주 1~2회,"물 : 흙이 바싹 마르지 않게 흙 표면부터 3cm까지 마르면,  듬뿍 주세요.","반음지 ~ 음지 햇빛을 좋아하지만, 그늘에서도 잘자라요",40~70%
유칼립투스 슈가검,유칼립투스 슈가검은 끝이 얄쌍한 타원형 잎을 가진 유칼립투스에요. 강한 햇빛과 바람이 아주 잘 드는 곳을 좋아해 야외에서 키우는 것이 가장 좋아요. 환경만 맞는다면 성장속도가 아주 빨라서 키우는 재미가 있어요.,주 2~3회,"물 : 흙이 바싹 마르지 않게 흙 표면부터 3cm까지 마르면,  듬뿍 주세요.",양지 햇빛이 있는 곳에서 잘자라요.,40~70%
홍콩 야자 (쉐프렐라 홍콩),홍콩야자는 따뜻한 열대 지역이 원산지인 두릅나뭇과 식물이에요. 원산지에서는 주로 하천을 따라 있는 습한 숲에서 살고 있어요. 우산을 닮아서 ‘우산 나무’라고 부르기도 해요. 적응력이 강하고 공기 정화 능력이 있어서 화원 스테디셀러랍니다. 추위만 잘 피해주면 실내에서 잘 크는 친구예요. 약간의 독성이 있어서 반려동물이 있다면 주의해야 하는 식물입니다.  ,주 1~2회,물 : 흙이 바싹 마르지 않게 흙 표면부터 3cm까지 마르면  듬뿍 주세요.,"반음지 ~ 음지 햇빛을 좋아하지만, 그늘에서도 잘자라요.",40~70%
피닉스 야자,피닉스 야자의 이름 '피닉스'는 불사조를 의미하며 빨간 열매를 맺어서 유래된 이름이에요. 시원한 잎의 모양을 가진 야자수 모습을 하고있답니다. 키는 1.5~2.5m 까지도 크며 생육이 느린 식물이에요. 제주도에 많이 있는 소철과 비슷하게 생겼어요. 병충해에 강하고 새로 나오는 잎에는 하얀 가루같은 것이 보이며 붙어있어요. 잎줄기에는 뾰족하고 작은 잎들이 백개 정도가 붙어있어요. ,주 1회,"물 : 흙이 바싹 마르지 않게 흙 표면부터 3cm까지 마르면,  듬뿍 주세요.",양지 ~ 반양지 햇빛이 있는 곳에서 잘자라요,40~70%
백도선,"토끼귀를 닮은 귀여운 모습과는 다르게 백도선은 정열의 나라 멕시코에서 온 선인장과 식물이에요. 피부를 찌르지 않는 흰 가시를 가지고 있지만 가시의 크기가 얇고 작아서 피부에 자극을 줄 수 있으니 주의해야해요. 밤에는 실내의 이산화탄소를 제거 기능이 있어서, 방안에 두면 좋은 CAM 식물이에요.",한 달 1회,"물 : 약간 목마르게 흙 표면부터 3cm까지 마르면,  듬뿍 주세요.",양지 햇빛이 있는 곳에서 잘자라요.,40% 이하
몬스테라 델리시오사,"남미 열대 우림 출신의 몬스테라 델리시오사는 큰 나무를 타고 올라가는 습성이 있는 덩굴성 식물이에요. 몬스테라 델리시오사는 어린 잎은 하트 모양이고 찢어져 있지 않은 반면, 자랄수록 잎이 찢어지는 특징이 있어요. 몬스테라 델리시오사의 잎이 찢어진 이유는 새로 자라나는 아래의 잎에게도 찢어진 부분을 통해서 햇빛을 나누어주기 위해서라고 해요. ",주 1~2회,"물 : 흙이 말랐을 때 듬뿍 주세요 흙 표면부터 3cm까지 마르면,  듬뿍 주세요.",반음지 햇빛이 강하지 않은 반그늘에서 잘 자라요,70%이상
필로덴드론 파스타짜넘,"필로덴드론 파스타짜넘은 거대하게 자라는 하트모양의 잎이 아름다운 식물이에요. 필로덴드론 글로리오섬과 닮아 헷갈릴 수 있지만, 잎맥이 연하고 표면에 광택이 도는 질감이 차이가 있어요. 원산지에선 잎 한장 크기가 1m 가까이 자란다고 해요. 비교적 빛이 적게 드는 곳에서도 잘 자라 더욱 더 사랑스러운 식물이랍니다.",주 1~2회,"물 : 흙이 촉촉하게 젖도록 흙 표면부터 3cm까지 마르면,  듬뿍 주세요.","반양지 햇빛을 좋아하지만, 그늘에서도 잘자라요",70%이상
비단삼나무(블루버드),"은청색 잎과 그 향기가 싱그러운 비단삼나무는 피톤치드를 가득 품은 식물이에요, 미세먼지를 흡착하는 능력이 뛰어나 많은 이들의 사랑을 받는 식물이에요. 빛이 너무 강하지 않은 곳에서 통풍에만 신경써 주신다면 초보가드너 분들도 잘 키우실 수 있어요. 비단삼나무가 가진 은청색 잎 때문에 파랑새를 닮아 '블루버드'라고 유통이 된다고 많이들 생각하실텐데, 사실은 '큰 가로수길'을 의미하는 프랑스어 'Boulavard' 에서 유래되었답니다. ",주 1~2회,"물 : 흙이 말랐을 때 듬뿍주세요. 흙 표면부터 3cm까지 마르면, 듬뿍 주세요.",반양지 햇빛이 있는 곳에서 잘자라요.,40~70%
엽란,"엽란은 'Cast Iron Plant' 이라는 영어 이름에 알맞게 단단하고 억세답니다. 곧고 넓은 잎을 가지고 있으며 4~5월에 100원 크기의 붉은 꽃을 피우는데 줄기에서 나오지 않고 땅 위에서 나와요. 화분용으로도 많이 키우지만 꽃장식용으로 잘라서 많이 사용해요. 뿌리줄기는 혈액순환과 생리불순, 두통,치통에 약재로도 사용되요.",주 1~2회,"물 : 흙이 바싹 마르지 않게 흙 표면부터 3cm까지 마르면,  듬뿍 주세요.","반음지 ~ 음지 햇빛을 좋아하지만, 그늘에서도 잘자라요.",40~70%
개나리 자스민,"개나리 자스민은 개나리 꽃을 닮은 노란색 꽃이 피는 식물이에요. 아기 파우더 향기가 나는 향긋한 꽃 때문에 자스민으로 불리고 있어요. 넝쿨형으로 빠르게 자라는 편이어서 다양한 수형으로 기를 수 있어요. 영문 이름은 옐로우 자스민, 캐롤라인 자스민이에요.",주 1~2회,"물 : 흙이 바싹 마르지 않게 흙 표면부터 3cm까지 마르면,  듬뿍 주세요",양지 ~ 반양지 햇빛이 있는 곳에서 잘자라요,40~70%
틸란드시아 준세아,틸란시아 준세아는 아주 가늘고 위로 길게 뻗은 잎이 매력적인 식물이에요. 언뜻 보면 벼나 갈대같은 느낌도 들어요. 햇빛이 잘 드는 곳에서 기르면 소박하고 하늘하늘한 느낌으로 작은 보라색의 꽃을 볼 수 있어요. 화분이나 유리병에 넣어 시크한 느낌으로 연출해도 좋아요.,주 1~2회,"물 : 잎에 물이 고이지 않게 분무를 해주거나, 30분정도 물에 담가주세요.","반양지 햇빛을 좋아하지만, 그늘에서도 잘자라요",40~70%
수채화 고무나무,"수채화 고무나무는 인도고무나무의 한 품종이에요. 따뜻한 온도와 밝은 빛 조건만 맞춰준다면 쉽게 키울 수 있는 식물이에요.  다만, 고무나무 수액에는 독성이 있으니 어린아이와 반려동물로부터 멀리해야 합니다. ",주 2회,물 : 흙이 바싹 마르지 않게 흙 표면부터 3cm까지 마르면 듬뿍 주세요.,반양지 직접적인 강한 햇빛은 피해주세요,40~70%
틸란드시아 푼키아나,"베네수엘라에서 온 파인애플과 식물, 흙 없이 키우는 틸란시아 푼키아나는 소나무의 잎과 닮아 있어요. 줄기의 끝이 빨갛게 물들며 붉은 꽃을 피워요. 다른 틸란드시아에 비해 길쭉한 모습을 하고 있답니다. 낮에는 미세먼지를 흡수하고 밤에는 산소를 내뿜어 공기정화에 탁월한 효과가 있는 식물이에요. 큰 공간을 차지 하지 않아 좋고 은은한 분위기를 연출할 수 있어요.",주 1~2회,"물 : 잎에 물이 고이지 않게 분무를 해주거나, 30분정도 물에 담가주세요.",양지 ~ 반양지 햇빛이 있는 곳에서 잘자라요,40~70%
미니 알로에,"미니 알로에는 남아프리카에 자생하고 가장 널리 재배되는 알로에 중 하나에요. 보통 크란츠 알로에 라고 부르는데, ‘크란츠'는 알로에가 선호하는 서식지에서 유래되었고, 바위능선이나 절벽을 뜻하는 아프리카어입니다. 키우기 쉽고 잘 자라서 초보 가드너들에게 사랑받는 식물이에요. 미니 알로에는 사람의 건강에는 이롭다고 알려져 있지만 반려동물에게는 약한 독성이 있으므로 멀리해 주세요. ",월 1회,물 : 약간 목마르게 딱딱한 잎이 말랑말랑해졌을 때 듬뿍 주세요.,양지 ~ 반양지 햇빛이 있는 곳에서 잘 자라요.,40~70%
머틀허브나무,"머틀허브나무는 지중해에 많이 살고 있어요. 유럽에서는 축하의 나무라고 불리며 웨딩부케로 많이 쓰고 있어요. 하얀 꽃과 잎은 향이 좋아서 입욕제로 쓰이기도 하고 심신안정, 불면증, 면역강화, 상처 치료등 아로마 효과로 많이 쓰이며 함께하면 이로운 식물이랍니다. 햇빛과 바람이 충분한 환경이라면 큰 어려움 없이 키울 수 있어요.  ",주 2~3회,"물 : 흙이 바싹 마르지 않게 흙 표면부터 3cm까지 마르면, 듬뿍 주세요.",양지~반양지 햇빛이 있는 곳에서 잘자라요.,40~70%
틸란드시아 쉬데이아나,"얇지만 은근히 견고한 잎을 가진 개성있는 모습이 매력적인 ""틸란시아 쉬데이아나""입니다.",주 1~2회,"물 : 잎에 물이 고이지 않게 분무를 해주거나, 30분정도 물에 담가주세요.","반양지 햇빛을 좋아하지만, 그늘에서도 잘자라요",40~70%
틸란드시아 셀레리아나,"틸란시아 셀레리아나는 촘촘한 솜털(트리콤)으로 뒤덮여 있어 만지면 벨벳같은 질감이에요. 도깨비 불, 바람맞은 머리를 닮은 재미있는 모습이 사랑스러운 식물이에요. 크기가 큰 틸란시아 셀레리아나는 하나만 두어도 존재감이 있어요.",주 1~2회,"물 : 잎에 물이 고이지 않게 분무를 해주거나, 30분정도 물에 담가주세요.","반양지 햇빛을 좋아하지만, 그늘에서도 잘자라요",40~70%
틸란드시아 휴스톤,"틸란시아 휴스톤은 은빛이 도는 잎을 가진 포근한 느낌이 드는 식물이에요. 성장한 휴스톤은 굉장히 복슬복슬하게 생겼어요. 햇빛이 잘 드는 곳에서 키우면 분홍색, 보라색의 아름다운 꽃을 볼 수 있어요.",주 1~2회,"물 : 잎에 물이 고이지 않게 분무를 해주거나, 30분정도 물에 담가주세요.","반양지 햇빛을 좋아하지만, 그늘에서도 잘자라요",40~70%
틸란드시아 이오난사,"멕시코에서 온 흙없이 키우는 공중식물, 틸란시아 이오난사는 나무에서 붙어 자라는 식물이에요. 파인애플의 잎과 닮은 이오난사는 파인애플과 식물이에요. 초록 잎을 빨갛게 물들인 후 보라색 꽃이 피는데 꽃이 진 뒤에는 이오난사가 몸 옆에 자구라고 불리는 작은 이오난사를 만들어요. 사방으로 이오난사가 자라난 것을 틸란드시아 트럼프라고 부른답니다.",주 1~2회,"물 : 잎에 물이 고이지 않게 분무를 해주거나, 30분정도 물에 담가주세요.",양지 ~ 반양지 햇빛이 있는 곳에서 잘자라요,40~70%
틸란드시아 아르젠티아,틸란시아 아르젠티아는 아주 가는 잎이 빽빽하게 나서 솜방울 같은 느낌이 드는 식물이에요. '은사초'와도 닮았어요. 틸란시아에서 나오는 뿌리는 착생을 위한 것이기 때문에 잘라내도 상관없어요.,주 1~2회,"물 : 잎에 물이 고이지 않게 분무를 해주거나, 30분정도 물에 담가주세요.","반양지 햇빛을 좋아하지만, 그늘에서도 잘자라요",40~70%
틸란드시아 이오난사 푸에고,틸란시아하면 가장 먼저 떠오르는 대표적인 틸란시아 이오난사보다 색이 짙고 잎의 표면이 맨들맨들해요. 스페인어로 푸에고(Fuego)는 불꽃을 의미한다고 해요. 이름처럼 꽃이 피면 잎까지 활활 타오르는 불꽃처럼 빨갛게 물드는데 그 모습이 정말 아름다워요.,주 1회,"물 : 잎에 물이 고이지 않게 분무를 해주거나, 30분정도 물에 담가주세요.","반양지 햇빛을 좋아하지만, 그늘에서도 잘자라요",40~70%
디시디아 애플,디시디아 애플은 동글동글한 연두색 잎이 식물이에요. 잎이 두툼한 다육질이라 많은 물을 필요로 하지 않아요. 착생식물이기 때문에 나무 줄기나 소라 등 다양한 곳에 올려서 기를 수 있어요.,주 1~2회,"물 : 약간 목마르게 분무를 해주거나, 30분정도 물에 담가주세요.","반양지 햇빛을 좋아하지만, 그늘에서도 괜찮아요.",40~70%
금전수 (돈나무),"잎이 동전 모양을 닮아서 금전수라고 불리는 이 식물은 '부자 되어라'는 의미로 개업, 집들이 선물로 인기 있는 식물이에요. 폭우가 내리는 기간과 비가 오지 않아 건조한 기간이 공존하는 동아프리카가 원산지랍니다. 극단적인 환경에 잘 적응했기 때문에 다양한 환경에서 잘 견디는 편이에요. 배수가 잘되는 흙에 심어주고 물을 충분히 준다면 큰 문제 없이 잘 키울 수 있는 식물이랍니다. 독성이 있어서 반려동물과 어린아이가 있는 집이라면 주의를 기울여야 해요.           ",3주 1회,"물 : 약간 목마르게 흙 표면부터 3cm까지 마르면, 듬뿍 주세요","반양지~반음지 햇빛을 좋아하지만, 그늘에서도 잘 자라요     ",40~70%
아글라오네마,아글라오네마는 다양한 무늬의 잎을 가진 수백가지 품종이 있어요. 잎이 아주 화려한데 비해 키우기 까다롭지 않아서 사랑받는 식물이에요. 원산지에서는 늪이나 해변에 접한 산지 아래에서 자라 높은 습도를 좋아하고 반그늘에서 잘 자란다고 해요.,주 1~2회,"물 : 흙이 바싹 마르지 않게 흙 표면부터 3cm까지 마르면,  듬뿍 주세요","반양지 ~ 반음지 햇빛을 좋아하지만, 그늘에서도 잘자라요",40~70%
싱고니움,"싱고니움의 잎의 모양은 화살촉 모양과 비슷해서 'Arrow Head Plant'라고 불리기도 해요. 반그늘과 따듯한 환경을 좋아하는 거실과 사무실에 두면 좋은 식물이에요. 잎을 자르면 나오는 수액에 독성이 있으니 아이가 있는 집이나 반려동물이 있는 집에는 주의해서 키워야 해요. 빛을 향해 잎이 자라는 특징이 있어서 잎이 햇빛을 골고루 받을 수 있게, 화분을 돌려가며 키워주세요.",주 1~2회,"물 : 흙이 바싹 마르지 않게 흙 표면부터 3cm까지 마르면,  듬뿍 주세요.",반음지 ~ 음지 직접적인 강한 햇빛은 피해주세요,40~70%
크로톤,"인도네시아 자바와 호주에서 온 크로톤은 큰 잎, 가는 잎, 꼬인 잎 등 수많은 품종을 가지고 있는 친구에요. 잎의 특이한 무늬와 알록달록한 색깔이 이쁜 식물이에요. 실내광에서도 잘 자라지만 빛이 적은 곳에 두면 잎의 무늬가 옅어지고 녹색으로 변해요. 무늬가 또렷하게 보이게 하려면 부드러운 햇빛이 드는 곳에서 키우는 것이 좋아요. ",주 1회,"물 : 약간 목마르게 흙 표면부터 3cm까지 마르면,  듬뿍 주세요.","반양지 햇빛을 좋아하지만, 그늘에서도 괜찮아요.",40~70%
녹태고,"마다가스카르에서 온 녹태고는 'Silver dollar plant' 라는 영어이름을 가지고 있어요. 둥글둥글한 동전을 닮은 녹태고는 덩굴성 다육식물이라 위로 길게 자라요. 지지대를 타고 위로 자라고 얇은 잎이 아닌 딱딱한 잎을 가지고 있어요. 새순이 돋아났을때 잎이 잘 마를 수 있으니 스프레이를 해주세요. 시간이 지나면서 처음 있던 가지는 목질화가 된답니다. 줄기를 잘라 삽목한지 얼마 안된 녹태고는 성장이 느린편이지만, 자리를 잡고나면 다른 다육식물에 비해 성장이 빠른편이에요.",2주 1회,"물 : 약간 목마르게 흙 표면부터 3cm까지 마르면,  듬뿍 주세요.","반양지 햇빛을 좋아하지만, 그늘에서도 잘자라요",40~70%
자주 만년초( 부자란),"부자란은 닭의 장풀과의 식물로 자주 만년초라고도 불리는 자주색 빛을 띄는 식물이에요. 접란과 비슷하게 잎에 무늬가 있어요. 부자란을 키우게 되면 짧은 사이에 어린 잎이 많이 올라와서 그런지 부부 사이에 금슬이 좋아지고, 금전수와 같이 부자가 된다고 하여 붙여진 이름이에요. 잎의 뒷면은 분홍색, 자주색인데 앞뒤가 다른 색감이 매력적이에요.",주 1회,"물 : 흙이 바싹 마르지 않게 흙 표면부터 3cm까지 마르면,  듬뿍 주세요.","반양지 햇빛을 좋아하지만, 그늘에서도 잘자라요",40~70%
펫츠 헤데라,펫츠 헤데라는 광택있는 단풍잎 모양의 잎을 가진 덩굴 식물이에요. 아이비(Hedera helix)와 팔손이(Fatsia japonica) 사이에서 태어나 두 식물의 특성을 모두 갖고 있어요. 나무처럼 목대가 생겨서 나무 아이비라고 불리기도해요. 짙은 초록색 잎부터 흰색과 노란색 무늬의 잎까지 다양한 종류가 있어요.,주 1~2회,"물 : 흙이 바싹 마르지 않게 흙 표면부터 3cm까지 마르면,  듬뿍 주세요.",양지 햇빛이 있는 곳에서 잘자라요,40~70%
수박 페페로미아,브라질에서 온 '수박 페페로미아'는 잎의 무늬가 수박 모양을 닮았어요. 잎의 모양은 원형으로 둥글고 한 쪽 끝이 뾰족하게 나와있어요. 잎을 반으로 잘라 흙에 심어 놓으면 번식이 가능해요. 여러개를 모아 심어 풍성하게 연출해도 좋아요. 과습에 약한 편이어서 물은 아껴서 주는 것이 좋아요.,주 1~2회,"물 : 약간 건조하게 흙 표면부터 3cm까지 마르면,  듬뿍 주세요.","반양지 ~ 반음지 햇빛을 좋아하지만, 그늘에서도 잘자라요.",40~70%
알리 고무나무,"벤자민 고무나무와 사촌사이라 알리 고무나무의 다른 이름은 알리 벤자민이에요. 잎은 하늘하늘한 대나무와 비슷하고 곧은 수형으로 자라요. 수형이 잘 잡힌 알리 고무나무는 동양적인 매력을 느낄 수 있어요. 다른 고무나무에 비해 많이 판매되지는 않아요. 갑작스럽게 밝은곳이나 어두운 곳으로 옮기면, 적응할 때까지 잎이 떨어지는 경우도 있으니 서서히 밝은 곳으로 이동시켜주세요. ",주 1~2회,"물 : 흙이 바싹 마르지 않게 흙 표면부터 3cm까지 마르면,  듬뿍 주세요.","반양지 햇빛을 좋아하지만, 그늘에서도 잘자라요",40~70%
생선뼈 선인장 (피쉬본 선인장),"공작선인장 종류의 생선뼈 선인장은 수집가들로부터 많은 인기를 가지고 있어요. 가시를 지니고 있지 않으나 공중 뿌리가 줄기를 따라 자라난답니다. 분갈이를 할 때, 식물이 상처를 입을 수 있으니 주의해주세요. 선인장 치고 성장이 빠른편이고 물을 좋아하는 편이에요. 충분한 햇빛을 받고 성장하는 여름을 거쳐 기온이 떨어지는 가을에는 꽃이피어요. 꽃이 피고 난 뒤 맺는 열매는 새콤하고 부드러운 과일푸딩의 맛이 난답니다. 유연한 잎을 지니고 늘어지는 모습을 하고 있어 행잉 바스켓에 심어 연출하면 좋아요. ",2주 1회,"물 : 약간 목마르게 흙 표면부터 3cm까지 마르면,  듬뿍 주세요.","반양지 햇빛을 좋아하지만, 그늘에서도 잘 자라요",40~70%
원숭이꼬리 선인장,"곰의 꼬리, 여우꼬리 선인장이라고도 불리는 원숭이꼬리 선인장은 볼리비아에서 왔어요. 부드러운 흰 털 안에 가시가 있어 주의해서 만져야해요. 7~8월에 붉은 꽃을 피워요. 긴 줄기가 잘리거나 끊어지면 도마뱀의 꼬리처럼 천천히 다시 자라요. 끊어진 줄기도 말려서 심으면 키울 수 있어요. 흙 속이 축축한 것을 싫어해서 건조하게 관리해주는 것이 좋아요.",3주 1회,"물 : 약간 목마르게 흙 표면부터 3cm까지 마르면,  듬뿍 주세요.",양지 햇빛이 있는 곳에서 잘자라요,40% 이하
필로덴드론 베루코섬 X 멜라노크리섬,"필로덴드론 베루코섬X멜라노크리섬은 필로덴드론 베루코섬과 필로덴드론 멜라노크리섬 사이에서 태어난 식물이에요. 두 식물의 특성을 물려받아, 길고 어두운 벨벳 질감의 잎에 역광에 비치면 형광 처럼 빛나는 느낌이 들어요. 베루코섬이나 멜라노크리섬에 비해 성장속도가 빠르고 더 쉽게 큰 잎을 볼 수 있어요. ",주 1~2회,"물 : 흙이 촉촉하게 젖도록 흙 표면부터 3cm까지 마르면,  듬뿍 주세요.","반양지 ~ 반음지 햇빛을 좋아하지만, 그늘에서도 잘자라요",70% 이상
사계귤 (유주나무),유주나무라 불려지는 사계귤나무는 광택이 나는 잎을 가진 키우기 쉬운 과실수에요. 유자나무와 탱자나무의 교배종이라고 해요. 꽃향기가 매력적인 사계귤은  초여름부터 꽃이 피고 난 뒤 신맛이 나는 주황색 열매가 달려요. 열매 무게 때문에 가지가 쳐지게 되니 어느정도 익은 열매는 따주세요. 햇빛이 잘 드는 공간에 두면 싱그럽고 밝은 분위기를 연출 할 수 있어요.,주 1~2회,"물 : 흙이 바싹 마르지 않게 흙 표면부터 3cm까지 마르면,  듬뿍 주세요.",양지 햇빛이 있는 곳에서 잘자라요.,40~70%
아프리칸 미니바이올렛,"미니 바이올렛은 청초하게 생긴 꽃이 매력적인 식물이에요. 흰색, 파란색, 보라색, 분홍색 등 다양한 꽃 색을 갖고있어요. 일반 바이올렛에 비해 크기가 작아 귀엽고 공간 차지를 적게 해서 더욱 사랑스러운 식물이에요. 키우기 어렵지 않아 초보자들에게도 추천하고 싶은 식물이에요.",주 1회,"물 : 흙이 바싹 마르지 않게 흙 표면부터 3cm까지 마르면,  듬뿍 주세요.","반양지 햇빛을 좋아하지만, 그늘에서도 잘자라요",40~70%
동백나무,동백나무는 매끈한 광택이 있는 단단한 잎에 겨울에 아름다운 꽃을 볼 수 있는 식물이에요. 꽃 색상과 화형이 다양하고 향기가 진한 품종도 있어요. 10월쯤 생기는 열매를 채취해서 동백 기름으로 사용하기도 해요. 병해충에 강하고 추운 곳에서도 잘 버티기 때문에 추천하고 싶은 식물이에요.,주 1~2회,"물 : 흙이 바싹 마르지 않게 흙 표면부터 3cm까지 마르면,  듬뿍 주세요.","반양지 햇빛을 좋아하지만, 그늘에서도 잘자라요",40~70%
라벤더,허브의 일종인 라벤더는 꿀풀과 식물로 향긋한 향이 나는 식물이에요. 라벤더는 지중해가 원산지여서 햇빛이 잘 들고 바람이 잘 통하는 곳을 좋아해요. 향수와 아로마 테라피에서 사용되며 심리 안정과 불면증을 낫게하는데 도움을 줘요.,주 1~2회,"물 : 약간 건조하게 흙 표면부터 3cm까지 마르면,  듬뿍 주세요.",양지 햇빛이 있는 곳에서 잘자라요.,40% 이하
초코리프,초코리프는 버건디 색상의 잎과 선명한 잎맥을 가진 식물이에요. 계절에 따라 카키색 부터 버건디 색까지 다양한 잎 색을 볼 수 있고 진한 초코색 잎 때문에 초코리프라고 불리고 있어요. 줄기를 자를 때 나오는 흰색 수액은 피부에 자극을 줄 수 있어 주의가 필요해요. ,주 1~2회,"물 : 흙이 바싹 마르지 않게 흙 표면부터 3cm까지 마르면,  듬뿍 주세요.","양지 햇빛을 좋아하지만, 그늘에서도 잘 자라요",40~70%
히아신스,발칸반도와 터키가 원산지인 히아신스는 겨울에서 초봄 향기가 진한 꽃을 보여주는 구근식물이에요. 향기가 아주 진해서 한 두개만으로도 실내에 향을 가득 채울 수 있어요.,싹이 나온 뒤 주2회,"물 : 흙이 바싹 마르지 않게 흙 표면부터 3cm까지 마르면, 듬뿍 주세요",양지 ~ 반양지 햇빛이 있는 곳에서 잘자라요,40~70%
히메 몬스테라(미니 몬스테라),"히메몬스테라는 몬스테라를 닮은 작은 잎을 가지고 있어 '미니 몬스테라' 혹은 공주를 뜻하는 일본어인 히메를 붙여 '히메 몬스테라'라고 불리는 식물이에요. 비슷하게 생겼지만 히메 몬스테라는 몬스테라와 다른 종류랍니다.  몬스테라는 새 잎은 찢어져 있지 않고 자랄수록 그 잎이 찢어지지만, 히메 몬스테라는 어린 새 잎도 찢어져 있는 것을 확인하실 수 있답니다. 태국, 말레이시아가 원산지인 히메 몬스테라는 축축한 환경을 좋아하고 빛도 좋아하는 덩굴성 식물이에요.",주 1~2회,"물 : 흙이 말랐을 때 듬뿍주세요 흙 표면부터 3cm까지 마르면, 듬뿍 주세요.",양지~반양지 햇빛을 좋아하지만 그늘에서도 잘 자라요,70% 이상
블루스타 고사리,블루스타 고사리는 키우기 까다롭지 않은 데다 은청색의 잎이 아름다워서 고사리 중에서도 인기가 많은 식물이에요. 열대 우림에서 키 큰 나무에 붙어 사는 착생 고사리라서 실내에서 강한 빛 없이도 무난하게 키울 수 있어요. 게다가 독성도 없어서 반려동물과 어린 아이에게도 안전하답니다. ,주 1~2회,"물 : 흙이 바싹 마르지 않게 흙 표면부터 3cm까지 마르면,  듬뿍 주세요.",반음지~음지 햇빛이 강하지 않은 반그늘에서 잘 자라요.,70%이상
프테리스,고사리과인 프테리스는 하늘 하늘거리는 엷은 연두잎이 사랑스러운 식물이에요. 얇은 줄기와 길쭉한 잎은 동양적인 느낌을 연출하기도 해요. 프테리스는 물이 마르면 잎이 바싹 마를 수 있으니 관심을 갖고 관리해주세요.,주 2~3회,"물 : 흙이 바싹 마르지 않게 흙 표면부터 3cm까지 마르면,  듬뿍 주세요.","반음지 햇빛을 좋아하지만, 그늘에서도 잘자라요",70%이상
유칼립투스 폴리안,유칼립투스 폴리안은 동글동글 귀여운 잎을 가진 호주 출신 유칼립투스에요. 해외에선 Red box gum 이라고 불리기도 해요. 강한 햇빛과 바람이 아주 잘 드는 곳을 좋아해 야외에서 키우는 것이 가장 좋아요. 환경만 맞는다면 성장속도가 아주 빨라서 키우는 재미가 있어요.,주 2~3회,"물 : 흙이 바싹 마르지 않게 흙 표면부터 3cm까지 마르면,  듬뿍 주세요.",양지 햇빛이 있는 곳에서 잘자라요.,40~70%
켄차 야자,"아레카 야자와 닮은 듯한 켄차 야자는 열대성 식물로 잎줄기가 매우 긴 식물이에요. 호주의 로드호에섬에서 왔어요. 아레카 야자와 비슷하지만 아래 부분, 밑동을 보면 쉽게 구분이 가능해요. 켄차 야자는 마른 껍칠 처럼 보이는 섬유질이 감싸고 있는게 특징이에요. 뜨거운 태양에서 잘 자랄 것 같지만 거실, 실내의 밝은 곳에서도 잘 자라요. 키가 2m 정도로 자라나며, 호주에서는 10m 까지도 자라는 식물이랍니다. 겨울철 실내 습도를 높이고 실내공기를 깨끗하게 해주는 좋은 식물이에요. ",주 1회,"물 : 흙이 바싹 마르지 않게 흙 표면부터 3cm까지 마르면,  듬뿍 주세요.","반양지 햇빛을 좋아하지만, 그늘에서도 잘자라요",40~70%
칼라데아 오르비폴리아,"칼라데아 오르비폴리아는 마란타과 식물로 관엽식물을 키우는 사람들에게 인기가 많은 친구에요. 큰 잎을 가지고 있는 오르비는 잎맥 모양이 물결이 치는 모양과 닮았어요. 칼라데아는 기도하는 식물로 불리며, 수분 손실을 최소화 하기위해서 밤에는 잎이 위를 향하고 낮에는 아래로 향해요. 자생지에서 큰 식물 아래에 있는 식물이에요. 다른 식물 사이에 배치하거나 가습기를 이용해서 높은 습도를 유지해주는 것이 중요해요. 깨끗한 잎을 보기 위해서는 수돗물 속의 염소를 제거해 주는게 좋아요. 물주기 하루 전 수돗물을 받아놓으면 염소가 제거 돼요.",주 1~2회,"물 : 흙이 바싹 마르지 않게 흙 표면부터 3cm까지 마르면,  듬뿍 주세요.","반음지 햇빛을 좋아하지만, 그늘에서도 잘자라요",70% 이상
알로에 베라,"아프리카에서 온 알로에는 전 세계적으로 500여 종이 있어요. 이중 가장 많이 알려진 인기쟁이는 '알로에 베라'랍니다. 아랍어로 '맛이 쓰다'라는 뜻이에요. 환경에 적응성이 좋아서 온도, 습도가 비슷하게 유지되면 계속 성장해요. 식용, 약용으로 널리 쓰이는 알로에 베라는 피부 미용, 노화 방지, 면역력 강화 등 인체를 해독하는 성분을 가지고 있어 사람들에게 많은 도움을 주는 고마운 친구랍니다.  (잠깐! '미니 알로에'는 식용이 불가하니 주의해 주세요.)  ",3주 1회,"물 : 약간 목마르게 흙 표면부터 3cm까지 마르면,  듬뿍 주세요.",양지 ~ 반양지 햇빛이 있는 곳에서 잘자라요.,40~70%
테이블 야자,책상 위에 올려놓고 키운다고 해서 테이블 야자라고 불리는 이 식물은 ‘죽이기 어려운 식물 10위’ 안에 들 정도로 강인한 식물이에요. 병충해에도 강하고 다양한 환경에 대한 적응력이 좋아요. 그래서 초보 가드너들에 많이 추천하는 식물이랍니다. 게다가 독성이 없어서 안전하고 각종 화학물질을 제거하는 공기정화 식물이라 오랫동안 사랑받고 있어요. ,주 1회,물 : 흙이 바싹 마르지 않게 흙 표면부터 3cm까지 마르면  듬뿍 주세요.,"반음지 햇빛을 좋아하지만, 그늘에서도 잘자라요.",40~70%
유칼립투스 구니,"예쁜 수형과 청량한 향기를 내뿜는 유칼립투스 구니는 함께 하면 항균, 비염, 아토피에 도움을 주는 식물이랍니다. 빛이 많고 바람이 잘 부는 자연에 가까운 환경을 좋아하는 유칼립투스는 제한된 실내 환경에서 키우기 위해 물, 빛, 통풍에 대한 섬세한 관심이 필요해요. 좋아하는 환경만 갖춰준다면 하루가 다르게 자라나는 즐거움을 주는 식물이랍니다.",주 1~2회,"물 : 흙이 바싹 마르지 않게 흙 표면부터 3cm까지 마르면,  듬뿍 주세요.",양지 햇빛이 있는 곳에서 잘자라요.,40~70%
아프리칸 바이올렛,"아프리칸 바이올렛은 청초하게 생긴 꽃이 매력적인 식물이에요. 흰색, 파란색, 보라색, 분홍색 등 다양한 꽃 색을 갖고있어요. 키우기 어렵지 않아 초보자들에게도 추천하고 싶은 식물이에요.",주 1회,"물 : 흙이 바싹 마르지 않게 흙 표면부터 3cm까지 마르면,  듬뿍 주세요.","반양지 햇빛을 좋아하지만, 그늘에서도 잘자라요",40 ~ 70%
염자,"염자는 싱그러운 연두색 바탕에 테두리를 따라 빨갛게 물이 드는 귀여운 다육식물이에요. 나무처럼 자라는 성질이 있어, 가지치기를 통해 멋진 수형을 만들 수 있어요.",2주 1회,"물 : 약간 목마르게 흙 표면부터 3cm까지 마르면, 듬뿍 주세요.",양지 햇빛이 있는 곳에서 잘자라요.,40~70%
워터 코인,"수생식물인 워터코인은 동그랗게 생긴 잎이 작은 연잎을 닮았어요. 습한 늪지대를 좋아하기 때문에 수반에 물을 담아 저면관수로 키우거나, 뿌리의 흙을 깨끗이 씻어내고 수경재배로 키워도 좋아요. 동글동글한 잎이 귀엽고 물만 말리지 않는다면 키우기 쉬운 식물에요.",주 1~2회,물 : 흙이 촉촉하게 젖도록 전체 물의 50%정도를 하루 전에 받아놓은 수돗물로 갈아주세요.,"반양지 햇빛을 좋아하지만, 그늘에서도 잘자라요.",70%이상
필로덴드론 플로우마니,필로덴드론 플로우마니는 근육질의 잎맥을 가진 식물이에요. 하트모양의 녹색 잎에 옅게 칠해진 은색이 정말 매력적이에요.,주 1~2회,"물 : 흙이 촉촉하게 젖도록 흙 표면부터 3cm까지 마르면,  듬뿍 주세요.","반양지 햇빛을 좋아하지만, 그늘에서도 잘자라요",70%이상
브레이니아 니보사 (소코라코),국내에서 '비단노을' 이라고도 불리는 소코라코는 흰색과 분홍색의 무늬를 가지고 있어요.  외형적으로 비슷한 브레이니아랑 친척 사이에요. 둘의 차이점은 빛을 받으면 변하는 잎색에 따라 구분 할 수 있어요. 브레이니아는 흰색과 초록색 색감이고 소코라코는 새순에서 붉은 분홍색이 감돌아요. 추위에 약하고 환경변화를 싫어하기 때문에 잦은 이동은 해로울 수 있어요.,주 1~2회,"물 : 흙이 촉촉하게 젖도록 흙 표면부터 3cm까지 마르면,  듬뿍 주세요.","반양지 햇빛을 좋아하지만, 그늘에서도 잘자라요",40~70%
스킨답서스,천남성과 스킨답서스는 덩굴성으로 줄기가 길게 늘어지며 무늬가 있는 품종과 없는 품종이 있어요. 사람들에게도 많이 알려져있는 스킨답서스는 키우기 정말 쉬운 친구에요. 빛이 적은 곳에서도 잘 자라는 편이에요. 뿌리의 흙을 깨끗하게 털어내고 물에 담구어서 키우는 것(수경재배)도 가능하답니다. 독성이 있어 아이들과 반려동물이 먹으면 위험하니 주의해주세요.,주 1~2회,"물 : 흙이 바싹 마르지 않게 흙 표면부터 3cm까지 마르면,  듬뿍 주세요.","반음지 ~ 음지 햇빛을 좋아하지만, 그늘에서도 잘자라요.",40~70%
세네시오 칸디칸스 (엔젤윙),천사의 날개라고 불리는 엔젤윙은 생김새가 아름다워서 영국의 새로운 품종 대회에서 우수한 상을 받았어요. 은빛 털을 뒤감고 있는 백묘국의 색과 비슷하며 사계절 내내 은빛을 가지고 있답니다. 벨벳 옷을 만지는 것과 같은 부드러운 느낌을 주는 식물이에요. 성장이 빠른 엔젤윙은 햇빛을 보지 못하면 잎이 쪼그라들어요. ,주 1회,"물 : 흙이 바싹 마르지 않게 흙 표면부터 3cm까지 마르면,  듬뿍 주세요.",양지 햇빛이 있는 곳에서 잘자라요,40~70%
페페로미아 에덴로소,에덴로소는 세로 줄 무늬의 잎이 매력적인 페페로미아의 한 종류입니다. 잎 뒷면이 은은한 와인색을 띄고 있어 인기가 많은 식물이에요. 통통한 잎을 가진 에덴로소는 잎에 수분을 저장할 수 있는 능력을 가지고 있어서 물을 자주 주지 않아도 되고 따뜻한 곳을 좋아해요. 잎의 성장이 아주 빠른 편이지만 빛이 너무 적으면 생장이 느려질 수 있어요. 에덴로소는 반려동물에게 안전한 식물이기때문에 반려동물을 키우시는 초보 가드너 분들에게 추천드리는 식물입니다. ,주 1~2회,"물 : 흙이 말랐을 때 듬뿍 주세요. 흙 표면부터 3cm까지 마르면, 듬뿍 주세요.","반양지  햇빛을 좋아하지만, 그늘에서도 잘자라요 스크린 리더 지원이 사용 설정되었습니다.",40~70%
립살리스 트리고나,"립살리스는 선인장과 식물로 작은 솜털과 같은 가시를 지니고 있는 친구에요. 키우기 쉽고 손이 많이 안가서 바쁜 현대인들이 키우기 좋은 식물이에요. 낮에 햇빛을 많이 보는 만큼 밤에 산소를 많이 뿜는 습성이 있어요. 베란다, 거실 창쪽에 배치하여 햇빛을 많이 받게 해주세요. 긴 초록 줄기를 행잉 플랜트로 공간을 활용하면 공간에 세련된 분위기를 연출 할 수 있어요.",주 1~2회,"물 : 흙이 바싹 마르지 않게 분무를 해주거나, 30분정도 물에 담가주세요.","반양지 햇빛을 좋아하지만, 그늘에서도 잘자라요",40~70%
눈꽃 선인장,"눈꽃 선인장은 가시가 눈꽃처럼 뭉쳐져있는 귀여운 선인장이에요. 눈꽃 선인장은 개량에 의해 탄생되었다고해요. 가시가 하얀 눈꽃같다고 해서 눈꽃 선인장이라고 불려요. 따뜻한 봄에 분홍생, 흰색의 귀여운 꽃이 핀다고 해요.",2주 1회,"물 : 약간 목마르게 흙 표면부터 3cm까지 마르면,  듬뿍 주세요.",양지 햇빛이 있는 곳에서 잘자라요,40~70%
아라우카리아,"노포크섬의 소나무라고 불리는 아라우카리아는 실제로는 소나무가 아니에요. 부드러운 잎을 가졌으며 원산지에서 60m 이상 자라나는 큰 나무에요. 우리나라에서는 주로 실내에서 키우기 때문에 1~3m까지 자라요. 원추형 수형의 아라우카리아는 크리스마스 트리로도 많이 사용돼요. 다른 침엽수에 비해서 추위에 약한 편이기 때문에, 겨울에는 베란다 또는 실내의 따뜻한 곳에서 키우는 것이 좋아요. 또한 공기정화능력이 우수하고 재배가 쉬워 실내식물로 기르기에 적합한 식물입니다. 반음지나 반양지에서 잘 자라며 직접적으로 빛을 받으면 잎이 누렇게 타므로 직접적인 강한 빛은 피해주세요.",주 1회,"물 : 흙이 말랐을 때 듬뿍주세요 흙 표면부터 3cm까지 마르면,  듬뿍 주세요.",양지 ~ 반양지 빛이 있는 곳에서 잘자라요,40~70%
디펜바키아 마리안느,"열대 아메리카에서 온 디펜바키아 '마리안느'는 녹색 넓은 잎에 흰 무늬를 가지고 있어요. 다른 식물에 비해 성장이 빠른 편이에요. 화려한 잎과 다르게 잎에 옥산살이라는 독이 있어 잎을 씹거나, 먹게되면 입안이 부풀어 오르고 일시적으로 마비가 되어서 과거에는 동물을 사냥 할 때 독을 뭍혀 사용 했다고 해요. 어린아이나 반려동물이 있는 가정은 주의해주세요! 잎을 자르거나 가지치기시 일회용 장갑을 끼고 잎을 잘라주세요.",주 1~2회,"물 : 흙이 바싹 마르지 않게 흙 표면부터 3cm까지 마르면,  듬뿍 주세요.","반음지 햇빛을 좋아하지만, 그늘에서도 잘자라요",70% 이상
산토소마 린드니,"산토소마 린드니는 초록색 바탕에 하얀 크림색 무늬가 중심부에 있는 열대 식물이에요. 말의 얼굴을 닮은 잎은 성장할수록 거대해지며, 잎의 흰색 무늬도 진해져요. 물을 아주 좋아하는 친구라 조금만 물이 부족해도 고개를 푹 숙여 깜짝 놀라게 한답니다.",주 1~2회,"물 : 흙이 바싹 마르지 않게 흙 표면부터 3cm까지 마르면,  듬뿍 주세요.","반양지 햇빛을 좋아하지만, 그늘에서도 괜찮아요.",40~70%
금청각,금청각은 정열의 나라 남미 브라질 아타카마 사막에서 온 식물이에요. 파란 횃불 선인장으로 불리는 금청각은 브라질에서는 10m 이상 자라나는 큰 식물이며 가시와 흰 털을 지니고 있어요. 사막 환경에서 자라는 금청각은 더위와 건조에도 강해요. 오래 키운 금청각 일 수록 은백색이 진해진답니다 :),한 달 1회,"물 : 약간 목마르게 흙 표면부터 3cm까지 마르면,  듬뿍 주세요.",양지 햇빛이 있는 곳에서 잘자라요,40% 이하
비스마르크 야자,독일 제국의 첫 총독 이름에서 유래한 비스마르크 야자(Bismarckia nobilis)는 녹색과 은색 잎 두가지 종류가 있어요. 품종마다 잎 색상이 다르기 때문에 분양 받을 때 확인을 잘 해봐야해요. 은색 잎을 가진 품종은 햇빛을 많이 받으면 눈부신 은백색의 멋진 모습을 보여줘요.,2주 1회,"물 : 약간 목마르게 흙 표면부터 3cm까지 마르면,  듬뿍 주세요.",양지 햇빛이 있는 곳에서 잘자라요,40~70%
프리지아,"프리지아는 향기가 좋은 쨍한 노란색 꽃이 인기있는 식물이에요. 빨간색, 분홍색, 흰색, 보라색과 같이 여러가지 꽃 색이 있어요. 그리스 로마 신화에서 비운의 순애를 한 요정의 이름을 따왔다고 해요. 꽃말은 천진난만, 순진, 영원함 이라고 해요.",싹이 나온 뒤 주2회,"물 : 흙이 바싹 마르지 않게 흙 표면부터 3cm까지 마르면, 듬뿍 주세요",양지 ~ 반양지 햇빛이 있는 곳에서 잘자라요,40 ~ 70%
레몬밤,"허브의 일종인 레몬밤은 '멜리사'라고 불리 꿀풀과 식물이랍니다. 잎에서 레몬과 민트가 섞인 듯한 향이 나며 키가 작은편이에요. 관상용 및 약용으로도 인기가 많고 주로 조미료와 허브 티, 화장품에 많이 들어가요. 요리에 쓰이는 레몬밤은 항균, 항바이러스에 좋아서 잎을 뜯어 벌레나 모기에 물린 곳을 문지르면 통증을 완화해준답니다. 남부 지방에서는 야외에서 월동도 가능해요.",주 1~2회,"물 : 흙이 바싹 마르지 않게 흙 표면부터 3cm까지 마르면,  듬뿍 주세요.",양지 ~ 반양지 햇빛이 있는 곳에서 잘자라요,40~70%
산세베리아 하니,"산세베리아 하니는 짧고 통통하게 생긴 잎이 귀여운 산세베리아에요. 테두리를 따라 노란 무늬가 들어간 하니, 잎 전체가 초록색인 하니, 초록색 얼룩무늬가 있는 하니가 있어요. 키우기도 어렵지 않고 물을 가끔씩 주면 되기 때문에 초보자들에게도 추천하고 싶은 식물이에요.",2주 1회,물 : 약간 목마르게 잎이 쪼글쪼글해지면 주세요  ,"반양지 햇빛을 좋아하지만, 그늘에서도 잘자라요.",40~70%
필로덴드론 레몬라임,필로덴드론 레몬라임은 상큼한 연두색 잎을 가진 식물이에요. 새잎은 노랗게 나와서 성장하면서 점점 연두색으로 변해요. 잎에서 빛이 나는 느낌이어서 형광 필로덴드론이라고 불리기도 해요.,주 1~2회,"물 : 흙이 촉촉하게 젖도록 흙 표면부터 3cm까지 마르면,  듬뿍 주세요.",양지 ~ 반양지 햇빛이 있는 곳에서 잘자라요,70% 이상
스파티필름,"스파티필름은 공기 정화 능력이 매우 뛰어난 식물이에요. 게다가 빛이 많이 들지 않는 환경에서도 잘 견디고 꽃도 피우기 때문에 인기가 많은 식물이랍니다. 반면, 잎에 독성이 있어 아이가 있는 집이나 반려동물이 있는 집에서는 주의해서 키워야 해요.",주 1~2회,"물 : 흙이 바싹 마르지 않게 흙 표면부터 3cm까지 마르면,  듬뿍 주세요.","반음지 ~ 음지 햇빛을 좋아하지만, 그늘에서도 잘 자라요.   ",40~70%
흑법사,흑법사는 검붉은 색의 장미와 비슷하게 생긴 다육식물이에요. 해외에서는 Black Rose라고 불려요.  키가 크게 자라는 편이어서 해외에서는 화단에 심어 멋지게 연출하기도 해요.,2주 1회,"물 : 약간 목마르게 흙 표면부터 3cm까지 마르면, 듬뿍 주세요.",양지 햇빛이 있는 곳에서 잘자라요.,40~70%
무늬벤자민 고무나무,"벤자민 고무나무는 밝은 녹색과 짙은녹색, 얼룩 무늬가 있는 경우가 있고 영어이름이 'weeping fig' 로 가지가 향해 떨어져 있어서 '우는 뽕나무' 라고도 불린답니다. 어디서든 잘 자라지만 환경 변화에 민감해서 이동을 싫어해요. 그늘에서 햇빛으로 바꾸거나, 햇빛에서 그늘로 바꿀때에는 적응기간을 주지 않으면 잎이 떨어질 수 있어요. 줄기나 잎을 자를 때 흰색 유액이 나오는데 약한 독성을 지녀요 어린 어린아이, 반려동물에게 해가 될 수 있으니 손에 닿지 않게 주의해 주세요. ",주 1~2회,"물 : 흙이 바싹 마르지 않게 흙 표면부터 3cm까지 마르면,  듬뿍 주세요.","반양지 햇빛을 좋아하지만, 그늘에서도 괜찮아요.",40~70%
휘토니아,휘토니아는 남미와 페루의 열대우림에 서식하는 식물이에요. 다양한 바탕색에 뚜렷한 잎맥의 작은 잎을 가져서 테라리움에도 많이 쓰이고 있어요. 따뜻한 곳에서 무난하게 잘 자라요.,주 1~2회,"물 : 흙이 촉촉하게 젖도록 흙 표면부터 3cm까지 마르면,  듬뿍 주세요.",음지 햇빛이 적은 그늘을 좋아해요,70%이상
로즈마리,"바다의 이슬이라고 불리는 허브식물, 꿀풀과 로즈마리는 미의 여신 아프로디테의 허브라는 별명이 있을 정도로 여성들의 피부 미용에 좋아요. 지중해 해변 근처에서 온 로즈마리는 햇빛을 좋아하고, 바람이 잘 부는 환경을 좋아해요.  로즈마리는 향기가 있어 공간에 향긋함을 전해주고 알츠하이머 병, 기억력 회복에 좋은 식물로 집중력을 높여줘요. 아토피성 천식 치료에도 도움을 주는 식물이에요. 식용으로는 향이 좋아 차로도 마시며, 양식 요리에도 자주 쓰인답니다.",주 1~2회,"물 : 흙이 바싹 마르지 않게 흙 표면부터 3cm까지 마르면,  듬뿍 주세요.",양지 햇빛이 있는 곳에서 잘자라요,40~70%
파키라,"남아메리카에서 온 파키라는 영어로 'Money tree' 라고도 불리고, 잎의 모양이 별모양을 닮았어요. 원산지의 파키라는 땅콩맛이 나는 열매를 맺지만 한국에서는 기후가 맞지 않아 열매를 맺지 못한답니다. 줄기에 수분을 저장해서 비교적 건조에 강한 편이에요. 건조보다는 과습에 주의해서 키워주세요.",2주 1~2회,"물 : 흙이 바싹 마르지 않게 흙 표면부터 3cm까지 마르면,  듬뿍 주세요.","반양지 ~ 반음지 햇빛을 좋아하지만, 그늘에서도 잘자라요.",40~70%
석송,꽃이 피지 않는 석송은 소나무 처럼 사계절 내내 푸른 잎을 가지며 곧게 뻗어있는 외형이 특징이에요. 한 개의 가지에서 여러갈래로 갈라진답니다. 깊은 숲속에 자생하며 제주도에서 쉽게 볼 수 있는 식물인 석송은 습한 환경을 좋아하는 친구에요. 나무에서 착생하며 살아가는 품종도 있어요. 행잉화분에 심어 공중에 걸어 연출하면 좋아요.,주 1~2회,"물 : 바크, 코코칩이 촉촉하게 흙 표면부터 3cm까지 마르면,  듬뿍 주세요.","반음지 햇빛을 좋아하지만, 그늘에서도 괜찮아요.",70%이상
귀면각,귀면각은 통통한 몸통에 깊게 파인 별 모양의 몸통을 가진 선인장이에요. 보통 키가 큰 편이어서 카페 등에서 인테리어 식물로 많이 활용되고 있어요,3주 1회,"물 : 약간 목마르게 흙 표면부터 3cm까지 마르면,  듬뿍 주세요.",양지 햇빛이 있는 곳에서 잘자라요,40~70%
다바나 고사리,다바나 고사리는 블루스타펀 고사리의 변종으로 프릴이 있는 거대한 잎이 매력적인 고사리에요. 치커리나 상추를 떠올리게 만드는 잎은 겉보기엔 부드러워 보이지만 만져보면 다소 빳빳한 편이에요. 추위만 조심해 준다면 일년 내내 푸르고 싱그러운 잎을 볼 수 있어요.,주 1~2회,"물 : 흙이 바싹 마르지 않게 흙 표면부터 3cm까지 마르면,  듬뿍 주세요.","반양지~반음지 햇빛을 좋아하지만, 그늘에서도 잘자라요.",70%이상
칼라데아 진저,"진녹색의 잎에 선명한 분홍색의 빗살무늬가 매력적인 칼라데아 진저는 따뜻한 남아메리카가 고향이기 때문에 추위에는 약한 편이고, 촉촉한 공중습도를 좋아해요. 가끔 샤워하실 때 화장실로 데려가 스팀을 맞게 해주시면 아주 좋아할거예요. 칼라데아 진저는 낮에는 햇빛을 많이 받기 위해 잎을 내려 활짝 펴고 밤에는 다시 하늘 위로 오므리는 변화를 보인답니다. 움직임을 관찰하는 재미가 있는 식물이예요. 칼라데아속의 친구들은 모두 수돗물의 염소성분에 예민하기 때문에 물을 주시거나 분무를 해 주실 때 주의해주세요, 하루 이상 받아두어 염소농도가 낮아진 수돗물이나 정수기 물을 이용해 주시면 잎이 얼룩지지않고 잘 자란답니다.",주 1~2회,"물 : 흙이 말랐을 때 듬뿍 주세요 흙 표면부터 3cm까지 마르면, 듬뿍 주세요.","반양지~반음지 햇빛을 좋아하지만, 그늘에서도 잘자라요.",70% 이상
필로덴드론 핑크프린세스,핑크 프린세스는 딸기 우유같은 핑크색 무늬를 가진 식물이에요. 새잎이 나올 때마다 달라지는 무늬를 보는 재미가 있어요. 줄기를 자르면 빨간 수액이 나오기도 해요.,주 1~2회,"물 : 흙이 촉촉하게 젖도록 흙 표면부터 3cm까지 마르면,  듬뿍 주세요.","반음지 ~ 음지 햇빛을 좋아하지만, 그늘에서도 잘자라요",70% 이상
휘카스 페티올라리스,휘커스 페티올라리스는 하트모양의 잎에 붉은색 잎맥이 매력적인 식물이에요. 뿌리 부분이 통통해서 괴근 식물로도 유통되고 있어요. 재미있게도 줄기를 잘라 삽목하면 뿌리가 통통한 기존 식물보다 성장속도가 빠르다고 해요.,주 1~2회,"물 : 흙이 바싹 마르지 않게 흙 표면부터 3cm까지 마르면,  듬뿍 주세요.",양지 ~ 반양지 햇빛이 있는 곳에서 잘자라요,40~70%
벵갈 고무나무,뽕나무과인 벵갈 고무나무는 반얀나무 혹은 벵골보리수라고도 불러요. 원산지인 인도에서는 신성한 나무로 여겨져서 나무가 사원을 휘감으며 자라는 모습을 자주 볼 수 있어요. 화분에서는 1 ~ 3m 정도로 작게 자라지만 자연에서는 키가 30m까지 자라는 아주 큰 나무랍니다. 밝은 빛을 좋아하고 고무나무들 중에서도 건조에도 강한 편이라서 관리가 어렵지 않답니다.,주 1~2회,"물 : 흙이 바싹 마르지 않게 흙 표면부터 3cm까지 마르면,  듬뿍 주세요.",양지~반양지 햇빛이 있는 곳에서 잘 자라요.,40~70%
둥근 잎 아카시아,흡사 유카립투스를 연상케하는 둥근잎 아카시아는 빠르게 자라는 다년생 나무에요. 귀여운 잎과 줄기에 미세한 솜털을 두르고 있어  마치 벨벳을 입고 있는 듯한 매력을 가졌어요. 하지만 추위에 약한 식물이랍니다.  사랑으로 키운다면 겨울에서 초봄에 노란색의 향기로운 꽃을 만나볼 수 있답니다.  ,주 1~2회,"물 : 흙이 바싹 마르지 않게 흙 표면부터 3cm까지 마르면,  듬뿍 주세요.","반양지 햇빛을 좋아하지만, 그늘에서도 잘자라요",40~70%
소철,"소철은 식물의 힘이 없을 때, 철분을 주면 생기를 찾는다고도 해요. 야자수처럼 보이지만 다른 종이며 곧게 뻗은 잎으로 이국적인 여름 휴양지 분위기를 낼 수 있어서 제주도에 많아요. 잎이 나는 중심부에는 열매가 달려요. 열매에는 신경독과 메틸아미노, 알라닌등의 독성 성분이 있으니 섭취하시면 안 돼요.",2주 1회,"물 : 약간 목마르게 흙 표면부터 3cm까지 마르면,  듬뿍 주세요.","반양지 햇빛을 좋아하지만, 약한 빛에서도 잘자라요",40~70%
접란 (클로로피텀),"클로로피텀'이라 불리는 접란은 이름에서 난이 들어가지만 난과 식물이 아니라 백합과 식물이에요. 뻗어나가는 줄기와 잎의 모양 때문에 영어로 'Ribbon plant, Spider plant' 라고도 불려요. 성장하면서 러너(Runner)라고 불리는 늘어지는 줄기에서 새끼 접란이 생겨요. 새끼 접란이 어느 정도 성장했을 때 똑 떼어서 심어주면 뿌리를 잘 내려요. 번식한 접란을 지인들에게 나눠주는 기쁨도 맛볼 수 있어요.",주 1~2회,"물 : 흙이 촉촉하게 젖도록 흙 표면부터 3cm까지 마르면,  듬뿍 주세요.","반양지 ~ 반음지 햇빛을 좋아하지만, 그늘에서도 잘자라요.",40~70%
아스플레니움 코브라,"아스플레니움 코브라는 꼬리 고사리과로 분류되어 있는 고사리과 식물이에요. 코브라를 생각나게하는 프릴이 있는 두툼한 잎을 가지고 있어요. 다른 고사리과 식물에 비해 건조에 강해요. 잎의 가장 안쪽 부분에서 새로운 잎이 나오며 양치식물 치고는 잎이 단단하고 도톰해요, 물이 부족한 경우 잎이 부드러워지고 힘이 없어져요.",주 1~2회,"물 : 흙이 촉촉하게 젖도록 흙 표면부터 3cm까지 마르면,  듬뿍 주세요.","반음지 햇빛을 좋아하지만, 그늘에서도 잘자라요",70%이상
필로덴드론 셀로움,우리나라 꽃시장에서는 '셀렘'이라고 유통되지만 실제 이름은 '셀로움'이에요. 셀로움은 곧게 뻗은 줄기와 곡선이 많은 잎에서 매력을 찾을 수 있어요. 잎의 모양이 몬스테라 델리시오사와 닮았어요. 흙 위로 공중 뿌리가 자라나는데 흙을 덮지 않아도 된답니다. 필로덴드론 품종중 셀로움은 비교적 건조함에 강하고 실내등에서도 키울 수 있는 친구에요. ,주 1~2회,"물 : 흙이 바싹 마르지 않게 흙 표면부터 3cm까지 마르면,  듬뿍 주세요.","반음지 햇빛을 좋아하지만, 그늘에서도 잘자라요",40~70%
디시디아 메론,디시디아 메론은 연두색 바탕에 흰색 스트라이프 무늬의 잎을 가진 식물이에요. 잎의 모양이 메론을 닮았다고 해서 디시디아 메론이라고 불리고 있어요. 잎이 두툼한 다육질이라 많은 물을 필요로 하지 않아요. 착생식물이기 때문에 나무 줄기나 소라 등 다양한 곳에 올려서 기를 수 있어요.,주 1~2회,"물 : 약간 목마르게 분무를 해주거나, 30분정도 물에 담가주세요.","반양지 햇빛을 좋아하지만, 그늘에서도 괜찮아요.",40~70%
알로카시아 아마조니카,"거북이의 등껍질, 코끼리의 귀를 닮은 알로카시아 아마조니카는 알로카시아 오도라와 다르게 암녹색의 어두운 잎에 하얀색 선(잎맥)이 뚜렷하게 보여요. 따듯한 곳을 좋아하고 과습과 건조에 동시에 약한 친구랍니다. 알로카시아 아마조니카는 실내에 두면 시선을 확 잡을만큼 독특하고 인테리어 효과가 좋아요. 플로리스트가 장식을 할 때 많이 사용하는 식물이에요.",주 1~2회,"물 : 흙이 바싹 마르지 않게 흙 표면부터 3cm까지 마르면,  듬뿍 주세요.","반양지 햇빛을 좋아하지만, 그늘에서도 잘자라요",40~70%
필로덴드론 글로리오섬,필로덴드론 글로리오섬은 벨벳 질감의 초록색 바탕에 흰색의 잎맥이 도드라지는 식물이에요. 아름다운 외모로 최근 매니아들의 많은 사랑을 받고있답니다.,주 1~2회,"물 : 흙이 촉촉하게 젖도록 흙 표면부터 3cm까지 마르면,  듬뿍 주세요","반양지 햇빛을 좋아하지만, 그늘에서도 잘자라요",70%이상
필로덴드론 베루코섬,필로덴드론 베루코섬은 초록색 바탕에 테두리를 따라 짙은 암녹색 무늬의 하트모양 잎을 가진 덩굴형 식물이에요. 잎자루에 솜털이 있고 잎의 뒷면은 노란색 바탕에 붉은 구릿빛 색을 갖고 있어 꼭 형광처럼 빛나는 느낌이 들어요. 다른 필로덴드론에 비해 키우기 조금 까다로운 편이에요.,주 1~2회,"물 : 흙이 촉촉하게 젖도록 흙 표면부터 3cm까지 마르면,  듬뿍 주세요.","반양지 ~ 반음지 햇빛을 좋아하지만, 그늘에서도 잘자라요",70% 이상
알로카시아 사리안,알로카시아 사리안은 광택이 있는 진한 녹색의 넓은 잎에 뚜렷한 흰색 잎맥이 매력적인 식물이에요. 성장하면서 제법 커지는 품종이기 때문에 카페나 거실등에 배치해도 좋아요.,주 1~2회,"물 : 흙이 바싹 마르지 않게 흙 표면부터 3cm까지 마르면,  듬뿍 주세요.","반양지 햇빛을 좋아하지만, 그늘에서도 괜찮아요.",70%이상
아비스,주로 열대 지방에 넓게 분포하고 있는 아비스는 넓고 큰 잎이 파초(바나나)와 닮아서 파초일엽이라고도 불러요. 주로 습기가 많고 그늘진 나무나 바위 위에 붙어서 사는 착생 양치식물이랍니다. 멸종위기 야생생물 2급으로 우리나라에서는 제주도에 자생하고 있어요.  ,주 1~2회,물 : 흙이 바싹 마르지 않게 흙 표면부터 3cm까지 마르면  듬뿍 주세요.,반양지~반음지 직접적인 햇빛은 피해주세요.,40~70%
아라비안 자스민,"아라비안 자스민은 꽃 향이 매우 좋아 자스민차에도 이용되는 식물이에요. 초여름에 피는 꽃에서나는 달콤한 향기가 정말 매력적이고, 자스민으로 유통되는 식물 중에 몇 안되는 진짜 자스민이랍니다.",주 1~2회,물 : 흙이 바싹 마르지 않게 흙 표면부터 3cm 마르면 물을 흠뻑주세요.,"반양지 햇빛을 좋아하지만, 그늘에서도 잘자라요",40~70%
바질트리,"바질트리는 스위트바질과 그리스 바질을 접목하여 만들어진 식물이에요. 보통 바질은 일년만 살고 겨울에 죽는 일년생 초화류인데, 바질트리는 바질을 여러 해 볼 수 있도록 개량된 품종입니다. 바질트리는 15cm정도의 높이로 자라고 스위트바질보다 잎이 더 작고 향이 더 진해요. 계속해서 바질트리의 순을 잘라주어야 더 튼튼하고 향기로운 바질트리 잎을 만날 수 있답니다.",주 1~2회,"물 : 흙이 마르지 않도록 흙 표면부터 3cm까지 마르면, 듬뿍 주세요",양지 햇빛이 있는 곳에서 잘자라요.,40~70%
박쥐란,박쥐란의 이름은 서양난의 한 종류 같지만 고사리과의 양치식물이에요. 곧으면서도 곡선이 매력적인 잎을 갖고 있어요. 음지에서 자라나는 다른 고사리종의 식물들과 다르게 햇빛을 많이 받아도 잘자라요. 나무 껍질이나 바위등에 붙어서 사는 착생식물인 박쥐란은 따듯하고 습도가 많은 곳을 좋아해요. 플랜테리어와 에어플랜트가 유명해지면서 인기가 많아진 친구에요. 공중에 걸어 배치해 두면 공간활용에 큰 매력을 뿜어낸답니다.,주 1~2회,"물 : 흙, 수태가 촉촉하게 젖도록 흙 표면부터 3cm까지 마르면,  듬뿍 주세요.","반양지 햇빛을 좋아하지만, 그늘에서도 괜찮아요.",40~70%
드라세나 마지나타,"드사레나 마지나타는 잎이 모양이 창과 비슷해요. 시원하게 위로 뻗어 있으며 노란색 열매를 맺어요. 잎색은 녹색, 연두색, 흰색,  빨강, 자주색, 분홍색 등 다양한 색을 가지고 있어요. 하와이 은행 주위 곳곳에 심어져 있었다고 하여 돈나무(money tree)라고도 불린답니다. 잎에는 반려동물에게 해로운 사포닌 성분이 있어요. 구토, 식욕부진을 일으킬 수 있어 주의 해야해요.",2주 1회,"물 : 약간 목마르게 흙 표면부터 3cm까지 마르면,  듬뿍 주세요",양지~반양지 햇빛이 있는 곳에서 잘자라요,40~70%
오로라 페페,"오로라 페페는 초록색, 노란색의 잎에 붉은 줄기까지 다양한 색상을 갖고 있어요. 색이 다양해서 오로라 페페라고 불리고 있지만, 사실 페페는 아니고 비름과 식물이에요. 더운 여름보다는 서늘한 날씨에서 더 빠르게 성장해요.",주 1~2회,"물 : 흙이 바싹 마르지 않게 흙 표면부터 3cm까지 마르면,  듬뿍 주세요.",양지 햇빛이 있는 곳에서 잘자라요.,40~70%
디시디아 밀리언하트,디시디아 밀리언하트는 아주 작고 끝이 뾰족한 원형 모양의 잎을 가진 귀여운 식물이에요. 잎이 두툼한 다육질이라 많은 물을 필요로 하지 않아요. 착생식물이기 때문에 나무 줄기나 소라 등 다양한 곳에 올려서 기를 수 있어요.,주 1~2회,"물 : 약간 목마르게 분무를 해주거나, 30분정도 물에 담가주세요.","반양지 햇빛을 좋아하지만, 그늘에서도 괜찮아요.",40~70%
안스리움 리갈레,"안스리움 리갈레는 안스리움의 제왕이라고 불리는 식물이에요. 이름처럼 우람하고 멋진 모습을 느낄 수 있지만, 안스리움 중에선 키우기 까다로운 편이라고 해요. 멋진 모습을 사랑한다면 도전해볼만 하겠죠?",주 1~2회,"물 : 흙이 바싹 마르지 않게 흙 표면부터 3cm까지 마르면,  듬뿍 주세요.","반양지 햇빛을 좋아하지만, 그늘에서도 잘자라요",70%이상
인도 고무나무,"인도에서 온 인도 고무나무는 영국에서 인기가 많은 친구에요. 광택이 나는 잎을 지니고 있으며 키우기 쉬운 식물이랍니다. 고무나무의 이름은 잎, 줄기를 자를 때 고무성분인 하얀 수액 '라텍스' 가 나오기 때문이에요, 이 성분은 과거에 고무를 만들 때 사용하였고 이 수액은 인체의 피부나 점막을 자극 할 수 있으니 가지치기를 하실 때 주의해야 해요. ",주 1회,"물 : 흙이 바싹 마르지 않게 흙 표면부터 3cm까지 마르면,  듬뿍 주세요.","반양지 ~ 반음지 햇빛을 좋아하지만, 그늘에서도 괜찮아요.",40~70%
무늬 푸미라,뽕나무과 식물인 무늬 푸미라는 작다는 의미로 잎이 작아 붙여진 이름이에요. 덩굴성 식물이지만 고무나무류이기도 한 특이한 식물인 푸미라는 아이비처럼 벽이나 물체를 타고 올라가는 습성이 있어요. 무늬가 없는 초록색 푸미라도 있지만 국내에선 무늬가 있는 무늬 푸미라가 많이 유통되는 편이에요. 물을 좋아해서 건조한 상태가 되면 연한 녹색으로 변하게 되고 성장이 빨라서 일년에 한 번 이상 분갈이가 필요해요.,주 1~2회,"물 : 흙이 촉촉하게 젖도록 흙 표면부터 3cm까지 마르면,  듬뿍 주세요.","반음지 햇빛을 좋아하지만, 그늘에서도 잘자라요.",40~70%
후마타 고사리,"후마타 고사리는 털이 있는 근경 부분이 독특한 고사리에요. 성장하면서 점점 근경이 퍼져 나가는데, 거미발을 닮았어요. 습한 곳을 좋아하지만 다소 건조한 곳에서도 적응을 잘 하는 편이에요. 물만 말리지 않는다면 사계절 푸르고 하늘하늘한 후마타 고사리를 볼 수 있을거에요.",주 1~2회,"물 : 흙이 바싹 마르지 않게 흙 표면부터 3cm까지 마르면,  듬뿍 주세요.",반양지~반음지 직접적인 햇빛은 피해주세요.,70%이상
무늬 라벤더(황금 라벤더),무늬 라벤더는 아름다운 황금빛의 무늬가 있는 잎을 가지고 있어요. 다른 종류의 라벤더보다 향기가 매우 진한 게 특징이에요. 라벤더의 향기는 불면증을 낫게 하고 심신을 안정시키는 데 탁월해요. 라벤더는 지중해가 원산지여서 햇빛이 잘 들고 바람이 잘 통하는 곳을 좋아하고 과습에 약해요.,주 1~2회,"물 : 흙이 말랐을 때 듬뿍주세요 흙 표면부터 3cm까지 마르면, 듬뿍 주세요.",양지 햇빛이 있는 곳에서 잘자라요.,40~70%
디바오 소철,디바오 소철은 여러 개로 세밀하게 갈라진 거대한 잎이 멋진 소철이에요. 평소에 알던 소철과 다르게 고사리 잎과 비슷한 모양을 갖고 있어요. 원산지는 중국 남부 광시장족자치구에요. 안타깝게도 서식지의 환경 파괴와 남획으로 멸종 위기에 처해있어요. 다행이 식물 매니아들에게 사랑을 받고 있어 씨앗으로 번식되고 있다고해요.,2주 1회,"물 : 약간 목마르게 흙 표면부터 3cm까지 마르면,  듬뿍 주세요.","반음지 ~ 음지 햇빛을 좋아하지만, 그늘에서도 잘자라요",40~70%
산세베리아,산세베리아는 아스파라거스과의 식물로 잎의 무늬가 뱀 껍질처럼 생겨서 'Snake plant' 라는 영어 이름을 가지고 있어요. 물을 자주 주지 않고 병해충에도 강한 편이어서 키우기 쉬워요. 번식이 쉬운 산세베리아는 잎을 잘라서 흙 위에 꽂아두면 뿌리가 내려요. 반려동물이 잎을 씹었을 때 독성이 있으니 주의해야 해요.,한 달 1회,물 : 약간 목마르게 잎이 쪼글쪼글해지면 주세요,"반음지 ~ 음지 햇빛을 좋아하지만, 그늘에서도 잘자라요.   ",40~70%
애니시다,애니시다는 싱그러운 레몬빛 꽃으로 봄을 알리는 식물이에요. 꽃에선 레몬처럼 상큼한 향기가 나요. 물을 아주 좋아해서 물 주는 것을 좋아하시는 분들이라면 더욱 추천하고싶은 식물이에요.,주 2~3회,"물 : 흙이 바싹 마르지 않게 흙 표면부터 3cm까지 마르면,  듬뿍 주세요.","반양지 햇빛을 좋아하지만, 그늘에서도 잘자라요",40~70%
슈퍼바 산세베리아,아프리카에서온 산슈퍼바 센세베리아는 산세베리아의 품종 중 하나의 종류에요. 잎 테두리를 따라 노란색 무늬가 있어요.,3주 1회,물 : 약간 목마르게 잎이 쪼글쪼글해지면 주세요.,"반양지 햇빛을 좋아하지만, 그늘에서도 괜찮아요.",40~70%
무레이 소철,무레이 소철은 촘촘하게 나오는 은청색의 잎이 매력적인 소철이에요. 햇빛을 많이 받을 수록 잎의 색상이 하얗게되요. 잎은 성장하면서 뒤로 구부러지는 형태를 갖고 있어요.,2주 1회,"물 : 약간 목마르게 흙 표면부터 3cm까지 마르면,  듬뿍 주세요.","반양지 햇빛을 좋아하지만, 그늘에서도 잘자라요",40~70%
필로덴드론 마메이,필로덴드론 마메이는 녹색의 하트모양 잎에 옅게 테두리를 따라 칠해진 은색이 정말 매력적이에요. 잎자루가 넓고 프릴이 있는 것이 특징이에요.,주 1~2회,"물 : 흙이 촉촉하게 젖도록 흙 표면부터 3cm까지 마르면,  듬뿍 주세요.","반음지 ~ 음지 햇빛을 좋아하지만, 그늘에서도 잘자라요",70% 이상
루카덴드론,'유카덴드론' 또는 '레우가덴드론' 이라고도 불리는 루카덴드론은 프로테아과에 속하는 꽃이 아름다운 식물이에요. 커다랗고 독특한 생김새의 꽃은 절화로 많이 이용되고 있어요. 남아프리카 출신이어서 강한 햇빛을 좋아합니다. 보통 1 ~ 2m 정도의 크기까지도 성장해요.,주 1~2회,"물 : 흙이 바싹 마르지 않게 흙 표면부터 3cm까지 마르면, 듬뿍 주세요.",양지 햇빛이 있는 곳에서 잘자라요,40~70%
산호수,산호수는 톱니 모양의 잎에 싱그러운 녹색 잎을 가진 식물이에요. 잘 키운다면 가을~봄에 빨간색 열매도 볼 수 있어요. 키우기 어렵지 않고 싱그러운 모습이라 식물을 처음 키우는 분들에게 추천드려요.,주 1~2회,"물 : 흙이 바싹 마르지 않게 흙 표면부터 3cm까지 마르면,  듬뿍 주세요.","반양지 햇빛을 좋아하지만, 그늘에서도 괜찮아요.",40~70%
제라늄,"제라늄은 잎과 꽃의 모양이 다양하고 온도만 맞는다면 일년 내내 꽃을 볼 수 있어 사랑받는 식물이에요. 조날, 아이비, 리갈, 스텔라 등 다양한 종류가 있고 다양한 잎 색을 가진 팬시리프 종류도 있어요. 꽃이 아름답고 교배를 통해 다양한 꽃을 만들어 낼 수 있어 매니아층이 두터운 식물이에요. 우리가 알고있는 제라늄의 진짜 이름은 펠라고늄(Pelargonium) 이랍니다.",주 1~2회,"물 : 흙이 바싹 마르지 않게 흙 표면부터 3cm까지 마르면,  듬뿍 주세요.",양지 ~ 반양지 햇빛이 있는 곳에서 잘자라요,40 ~ 70%
알로카시아 블랙벨벳,"알로카시아 블랙벨벳은 암녹색의 벨벳질감을 가진 잎에 뚜렷한 흰색 잎맥이 대비되는 아름다운 식물이에요. 키우기 다소 까다로운 편이고 습도가 높은 환경을 좋아해요. 부드러운 햇빛이 들어오는 거실의 바닥, 창가의 바닥쪽에 두거나 다른 식물 사이에 두면 습도를 유지하는데 도움이 될 거에요.",주 1~2회,"물 : 흙이 바싹 마르지 않게 흙 표면부터 3cm까지 마르면,  듬뿍 주세요.","반양지 햇빛을 좋아하지만, 그늘에서도 괜찮아요.",70%이상
디지고테카 아랄리아,디지코테카 아랄리아는 톱니같이 삐죽삐죽하고 폭죽터지듯 갈라진 잎이 매력적인 식물이에요. 잎 색이 암녹색으로 어두워서 꼭 죽은 식물 같다는 느낌도 들어요. 어려워 보이는 생김새와 다르게 부드러운 햇빛이 드는 대부분의 공간에서 잘 자라는 편이라 더욱 사랑스러워요. 카페나 거실등에 배치하면 공간에서 존재감을 뿜어낼 거에요.,주 1~2회,"물 : 흙이 말랐을 때 듬뿍 주세요 흙 표면부터 3cm까지 마르면,  듬뿍 주세요.","반양지 햇빛을 좋아하지만, 그늘에서도 잘 자라요.",40~70%
청하각,"사막에서 온 선인장 청하각은 건조에 강한 식물이에요. 청하각은 줄기를 자르면 하얀 수액이 나와서 아프리카 우유나무라고도 불려요. 선인장이면서 특이하게 잎을 가지고 있고 줄기에 광택이 약간 있어요. 성장기에 가시가 있는 부분에서 잎이 나오는데 날씨가 추워지면 낙엽이 되어 떨어져요. 줄기를 자를 때 나오는 하얀 수액은 천, 휴지로 하루정도 막아주면 저절로 멈추고 따로 분리하여 심을 수 있는 자구가 다른 선인장에 비해 많이 생긴답니다. ",3주 1회,"물 : 약간 목마르게 흙 표면부터 3cm까지 마르면,  듬뿍 주세요.",양지 햇빛이 있는 곳에서 잘자라요,40% 이하
바로크 벤자민,"바로크 벤자민은 뒤로 말린 잎이 특이한 고무나무에요. 생김새만 보면 키우기 어려울 것 같지만 다른 고무나무처럼 무난한 편이에요. 줄기를 자를 때 흰색 유액이 나오는데 약한 독성을 지녀요 어린 어린아이, 반려동물에게 해가 될 수 있으니 손에 닿지 않게 주의해 주세요.",주 1~2회,"물 : 흙이 바싹 마르지 않게 흙 표면부터 3cm까지 마르면,  듬뿍 주세요.","반양지 햇빛을 좋아하지만, 그늘에서도 괜찮아요.",40~70%
괴마옥,파인애플을 닮은 괴마옥은 아미산과 철갑환의 교잡종이에요. 아미산은 옆으로 퍼지면서 자라고 자구를 쉽게 내는 편이에요. 괴마옥은 위로 자라는 습성이 있어요. 간혹 아미산을 괴마옥으로 판매하는 경우가 있으니 참고해주세요.,2주 1회,"물 : 약간 목마르게 흙 표면부터 3cm까지 마르면,  듬뿍 주세요.",양지 햇빛이 있는 곳에서 잘자라요,40~70%
율리치아나 스프랄리스,"율리치아나는 판형녹죽이라고도 불리는 식물이에요. 율리치아나는 형태에 따라 대표적으로 나선모양, 원판모양, 기둥모양등 다양하게 있지만 한국에는 많이 들어와 있지 않은 식물이에요. 선인장을 수집하는 사람들에게 높은 가치를 지니고 있으며 강한 가시를 유지시키고자 한다면 따듯하고 햇빛이 많이 받는 자리에 둬야해요. 겨울철 서리에 강하기 때문에 겨울철 활동을 멈추고 휴식을 취할 때에는 서늘하거나 시원한 곳에서 키우면 좋아요.",3주 1회,"물 : 약간 목마르게 흙 표면부터 3cm까지 마르면,  듬뿍 주세요.",양지 햇빛이 있는 곳에서 잘자라요,40% 이하
타라,타라는 아주 작고 둥근 잎을 가진 식물이에요. 잎이 두툼한 편이고 빛이 적게 드는 곳에서도 잘 자라지만 너무 빛이 적은 곳에서는 웃자랄 수 있어요. 늘어지면서 자라기 때문에 행잉화분에 심어 공중에 걸어놔도 멋지게 연출할 수 있어요.,주 1~2회,"물 : 흙이 바싹 마르지 않게 흙 표면부터 3cm까지 마르면,  듬뿍 주세요.","반양지 햇빛을 좋아하지만, 그늘에서도 괜찮아요.",40~70%
칼라데아 프레디,"반짝거리는 줄무늬의 초록 잎이 매력적인 칼라데아 프레디는 '새로운 시작을 축하합니다.'라는 의미가 깃들어 있어 서양에서는 집들이 선물, 취업선물로 아주 인기가 많은 식물입니다. 따뜻한 남아메리카가 고향이기 때문에 추위에는 약한 편이고, 촉촉한 공중습도를 좋아해요. 가끔 샤워하실 때 화장실로 데려가 스팀을 맞게 해주시면 아주 좋아할거예요. 칼라데아속의 친구들은 모두 수돗물의 염소성분에 예민하기 때문에 물을 주시거나 분무를 해 주실 때 주의해주세요, 하루 이상 받아두어 염소농도가 낮아진 수돗물이나 정수기 물을 이용해 주시면 잎이 얼룩지지않고 잘 자란답니다.",주 1~2회,"물 : 흙이 말랐을 때 듬뿍주세요 흙 표면부터 3cm까지 마르면, 듬뿍 주세요.","반양지~반음지 햇빛을 좋아하지만, 그늘에서도 잘자라요.",70% 이상
장미허브,"좋은 향이 나고 잎이 나오는 모양이 장미 꽃을 닮아 장미허브라고 불려요. 도톰한 톱니모양의 귀여운 잎을 가졌고, 나무처럼 자라는 성질이 있어 가지치기를 통해 작고 귀여운 수형으로 키울 수 있어요.",주 1회,"물 : 약간 목마르게 흙 표면부터 3cm까지 마르면,  듬뿍 주세요.",양지 ~ 반양지 햇빛이 있는 곳에서 잘자라요,40~70%
페퍼민트,"꿀풀과 식물 허브, 페퍼민트는 워터 민트와 스피아 민트 사이에서 자연적으로 태어난 종이에요. 줄기의 모양은 사각이에요. 상쾌한 향이 나고 식용 및 아로마 테라피용으로 가장 인기가 있어요. 차로도 마시며 요리에도 쓰이는 페퍼민트는 두통 완화와 소화에 좋은 효능을 가졌어요.",주 1~2회,"물 : 흙이 바싹 마르지 않게 흙 표면부터 3cm까지 마르면,  듬뿍 주세요.","반음지 햇빛을 좋아하지만, 그늘에서도 잘자라요",40~70%
드라세나 맛상게아나 (행운목),"행운목의 종명인 ‘fragrans’는 향기로운 꽃을 의미합니다. 향기로운 행운목꽃은 7년에 한 번 정도 불규칙적으로 피어서 굉장히 드물기 때문에 꽃을 본 사람은 다시 오지 않을 행운이 온다는 이야기도 있어요. 키우기 까다롭지 않고 공기 정화 식물이어서 오랜 기간 사랑 받는 식물이랍니다. 다만, 반려동물에게 독성이 있으므로 주의해 주세요. ",주 1회,"물 : 흙이 바싹 마르지 않게 흙 표면부터 3cm까지 마르면,  듬뿍 주세요.","반음지 햇빛을 좋아하지만, 그늘에서도 잘자라요",40~70%
천냥금,"천냥금은 동아시아에 서식하는 사계절 매끄럽고 푸른 잎을 가지고 있는 상록성 식물이에요. 5월에 하얀색 작은 꽃이 피고 가을에 작고 붉은 열매가 오종종 달려요. 자금우 라는 이름도 갖고 있고, 백냥금, 산호수와 같은 자금우 과여서 생김새가 많이 닮았어요.",주 1~2회,"물 : 흙이 바싹 마르지 않게 흙 표면부터 3cm까지 마르면,  듬뿍 주세요.",양지 햇빛이 있는 곳에서 잘자라요.,40~70%
칼랑코에,공기정화 식물 중에서도 화려하게 꽃을 피는 칼랑코에는 대표적으로 칼랑코에와 칼란디바가 있어요. 칼랑코에의 경우 홑꽃을 피우고 칼란디바의 경우 여러개의 겹꽃을 피워요. 건조한 환경에서 잘 버티는 칼랑코에지만 따듯하고 습한 환경에서 잎 가장자리에 새로운 잎이 나와요. 꽃을 피우기 위해서는 빛을 차단시켜 주면 되요. 햇빛을 보는 시간이 짧아지는 겨울철에 자연적으로 피운답니다.,2주 1회,"물 : 약간 목마르게 흙 표면부터 3cm까지 마르면,  듬뿍 주세요.",양지 ~ 반양지 햇빛이 있는 곳에서 잘자라요.,40~70%
호주매화 (마누카),"호주 매화는 유칼립투스와 친척인 도금양과 식물이에요. 티트리의 잎과 닮아서 뉴질랜드 티트리라고도 불린답니다. 진한 녹색의 뾰족한 잎과 붉은색 꽃의 조화가 아름다워 인기가 많아요. 호주 매화는 물을 말리면 한순간에 잎이 바싹 마를 수 있어요. 또한 꽃이 피는 시기에 판매가 많이 되는데, 꽃망울이 있는 상태에서 분갈이는 식물에게 치명적일 수 있으니 꽃이 지고 난 후 분갈이를 해주는 것이 좋아요.",주 1~2회,"물 : 흙이 촉촉하게 젖도록 흙 표면부터 3cm까지 마르면,  듬뿍 주세요.",양지 햇빛이 있는 곳에서 잘자라요,40~70%
칼라데아 아마그리스,"작은 연둣빛 동그란 잎사귀가 아주 귀여운 칼라데아 아마그리스는 잎 뒷면이 보라색이라 반전 매력을 소유한 식물입니다. 대부분의 칼라데아속 식물들은 남아메리카에서 온 데 반해, 아마그리스는 벨기에의 실험실에서 만들어진 품종이라고 해요. 작은 잎들이 따글따글 옹기종기 모여서 자라고,  따뜻한 온도와 촉촉한 공기를 좋아합니다. 시원시원한 큰 잎을 가진 칼라데아 친구들 사이에서 미니미니한 사이즈로 매니아들에게 매우 인기가 있는 희소성 있는 품종이랍니다. 칼라데아속의 친구들은 모두 수돗물의 염소성분에 예민하기 때문에 물을 주시거나 분무를 해 주실 때 주의해주세요, 하루 이상 받아두어 염소농도가 낮아진 수돗물이나 정수기 물을 이용해 주시면 잎이 얼룩지지않고 잘 자란답니다.",주 1~2회,"물 : 흙이 말랐을 때 듬뿍 주세요 흙 표면부터 3cm까지 마르면, 듬뿍 주세요.","반양지~반음지 햇빛을 좋아하지만, 그늘에서도 잘자라요.",70% 이상
아가베 아테누아타,"아가베는 꽃이 용의 혀를 닮았다고 하여 용설란이라고도 부른답니다. 알려진 품종만 136개 정도로 종류가 많은 식물이에요. 곧게 뻗은 줄기와 날카로운 잎이 이국적이면서 부드러운 인상을 주고 작은 나무의 모습을 하고 있어서 인기가 많은 식물이에요. 아가베는 데낄라를 만들 때 사용하기도 해요. 하지만 아테누아타 품종이 아닌 아가베 아즐 데킬라, 아트로비렌스, 아메리카나 세 가지 품종만 사용 가능해요. 아가베 아테누아타는 관상용으로 실내 인테리어나 공간을 꾸밀 때 키포인트가 되는 식물이랍니다. 카페와 백화점 등 실내 인테리어로 많이 사용해요. ",3주 1회,"물 : 약간 목마르게 흙 표면부터 3cm까지 마르면,  듬뿍 주세요.",양지 햇빛이 있는 곳에서 잘자라요.,40~70%
엑셀런트 포인트(네덜란드 편백),"엑셀런트 포인트는 네덜란드에서 온 신품종 편백나무에요. Top point의 변이종으로, 침엽수이지만 잎이 날카롭지 않고 부드러우며 밝은 녹색을 띄는 아기자기한 잎이 포인트랍니다. 포름알데히드, 벤젠 등의 휘발성 유기화합물질을 흡수하는 능력이 탁월하며, 피톤치드도 많이 내어주는 기특한 식물이예요. 실내 환경에서도 잘 자라며  1년 내내 푸른잎을 지닌 상록수이기 때문에 인테리어 식물로 각광받고 있어요. 뾰족한 수형을 지니고 있어 미니 크리스마스 트리로 장식해도 잘 어울려요. 추위에도 강한 편이라 베란다에 키우기에도 적합한 식물입니다. ",주 1~2회,"물 : 흙이 말랐을 때 듬뿍주세요 흙 표면부터 3cm까지 마르면, 듬뿍 주세요",양지~반양지 직접적인 강한 빛은 피해주세요,40~70%
학 자스민,학 자스민은 옅은 분홍색에서 흰색의 꽃이 피는 식물이에요. 자스민이라고 불리는 식물 중에 몇 안되는 진짜 자스민이랍니다. 봄부터 가을까지 피는 꽃은 향이 아주 달콤해요. 늘어져서 자라는 넝쿨식물이어서 지지대에 풍성하게 묶거나 공중에 걸어 늘어지게 연출해도 좋아요.,주 1~2회,"물 : 흙이 바싹 마르지 않게 흙 표면부터 3cm까지 마르면,  듬뿍 주세요.","반양지 햇빛을 좋아하지만, 그늘에서도 괜찮아요.",40~70%
하월시아 옵투사,하월시아 옵투사는 투명한 창이 매력적인 남아프리카 출신 다육식물이에요. 잎이 통통해서 물을 머금고 있기 때문에 많은 물을 필요로 하지 않아요. 다른 다육식물과 다르게 부드러운 햇빛 아래에서 더 잘자라는 친구에요. 물을 머금은 통통한 창을 통해 광합성을 하고 가끔 보면 톡 터뜨리고 싶은 생각이 들어요.,주 1회,"물 : 약간 목마르게 흙 표면부터 3cm까지 마르면,  듬뿍 주세요.","반양지 햇빛을 좋아하지만, 그늘에서도 괜찮아요.",40~70%
은사초,"아시아에서 자라나는 은사초는 한국에서 많이 보이는 식물이에요. 사시사철 푸른 은색을 띄고 있는 은사초는 5~7월에 벼꽃을 닮은 꽃을 피우고, 30~50cm 까지 자라 고슴도치가 움츠린 모양과 비슷한 외형을 지니고 있답니다. 실내의 경우 사계절 베란다에 두고 키우면 좋아요. 주로 조경을 위해 야외 그라스나 정원에 심는답니다.",주 1~2회,"물 : 흙이 바싹 마르지 않게 흙 표면부터 3cm까지 마르면,  듬뿍 주세요.",양지 햇빛이 있는 곳에서 잘자라요,40~70%
관음죽,"아시아 지역에서 온 관음죽은 일본의 관음산에서 자라는 대나무라 하여 이름이 붙여졌어요. 5~7개로 갈라지는 잎은 모양이 손바닥을 닮았으며 야자과에 속하는 친구라 시원한 분위기를 연출할 수 있어요. 그늘과 추위에도 잘 견디고, 병해충에도 강하기 때문에 초보 가드너에게 추천하는 식물이에요. 수경재배로 키울 수도 있어서 집안에 흙을 두고 싶지 않는 사람들에게도 좋아요. 관음죽은 암모니아와 이산화탄소 흡수에 뛰어나고, NASA에서 발표한 공기정화 식물 2위이기도 해요. ",주 1~2회,"물 : 흙이 바싹 마르지 않게 흙 표면부터 3cm까지 마르면,  듬뿍 주세요.","반음지 햇빛을 좋아하지만, 그늘에서도 잘자라요.",40~70%
렉스 베고니아,"렉스베고니아는 품종이 아주 다양한 식물이예요. 품종마다 잎의 크기와 모양, 색깔이 달라 잎보기 식물로 아주 인기가 많답니다. 100개가 넘는 품종을 하나하나 수집하는 매니아층까지 보유한 홈가드닝의 아이돌 렉스베고니아는 따뜻한 곳을 좋아하고 실내에서도 순둥순둥 적응을 잘 해서 관리하는 데 쉬운 편이랍니다. 너무 강한 직사광선보다는 커튼이나 블라인드를 거친 부드러운 빛을 좋아하고, 물 줄 시기가 되면 잎이 살짝 처지면서 물 줄 때를 알려주는 기특한 식물입니다.",주 1회,"물 : 흙이 말랐을 때 듬뿍주세요 흙 표면부터 3cm까지 마르면, 듬뿍 주세요",반양지 직접적인 강한 빛은 피해주세요,70% 이상
디펜바키아 트로픽스노우,"디펜바키아 트로픽스노우는 마리안느와 비슷한 잎 모양을 가지고 있는 친구에요. 녹색 바탕에 흰 무늬가 가운데 들어가 있으며 두꺼운 잎을 가지고 있어요. 마리안느보다 크기가 크며, 대형종 식물이에요. 다른 관엽식물에 비해 성장이 빠른 편에 속하고 열대 우림의 느낌을 내는 잎 모양을 가지고 있어요. 다른 디펜바키아 종류보다 넓은 잎을 가져 공기정화에 효과가 좋아요. 트로픽스노우는 잎에 옥산살이라는 독이 있어 잎을 씹거나, 먹게되면 입안이 부풀어 오르고 일시적으로 마비가되니 주의해야해요. 어린아이나 반려동물이 있는 가정은 주의해주세요! 잎을 자르거나 가지치기시 일회용 장갑을 끼고 잎을 잘라주세요.",주 1~2회,"물 : 흙이 바싹 마르지 않게 흙 표면부터 3cm까지 마르면,  듬뿍 주세요.","반음지 햇빛을 좋아하지만, 그늘에서도 잘자라요",70%이상
아레카야자," 아레카야자는 NASA가 지정한 실내 공기 정화 1위 식물이에요. 1.8m의 아레카야자를 기준으로 하루에 1리터의 물을 배출하는 천연 가습기 역할도 합니다. 게다가 무독성이라 반려동물에게도 안전해요. 실내에서 비교적 키우기 쉽지만 너무 강한 빛이나 건조한 공기는 싫어하는 친구예요.   ",주 1~2회,"물 : 흙이 바싹 마르지 않게 흙 표면부터 3cm까지 마르면,  듬뿍 주세요.","반양지 햇빛을 좋아하지만, 그늘에서도 잘 자라요.  ",40~70%
백운각,"백운각은 정열의 나라 멕시코에서온 식물이에요. 시장에서는 다양한 사이즈로 소형, 중형, 대형으로 거래되요. 백운각의 고향인 멕시코에서는 울타리로도 사용하고 크기가 큰 식물이라 이국적인 느낌을 낼 수 있어요. 백운각은 밤에 이산화탄소를 흡수하여 낮에 광합성 하기에 밤에 공기 정화 효과를 더욱 느낄 수 있는 식물이에요. ",한 달 1회,"물 : 약간 목마르게 흙 표면부터 3cm까지 마르면,  듬뿍 주세요.",양지 햇빛이 있는 곳에서 잘자라요.,40% 이하
금사철,"금사철은 녹색바탕에 황금색 무늬가 있는 사철이에요. 잎에 광택이 있고 두툼해서 보기만 해도 싱그러운 느낌이 들어요. 원산지는 북아메리카와 중앙 아메리카, 아시아 등 온대와 난대의 여러지역에서 자라는 식물이에요.",주 1~2회,"물 : 흙이 바싹 마르지 않게 흙 표면부터 3cm까지 마르면,  듬뿍 주세요.",양지 햇빛이 있는 곳에서 잘자라요,40~70%
만세 선인장 ,만세선인장은 가시가 거의 없는 선인장이에요. 납작하고 울퉁불퉁한 모양이 꼭 타이어가 밟고 지나간 것 같아서 서양에서는 '로드킬 선인장' 이라고 불린답니다. 우리나라에서는 두팔을 벌려서 '만세!' 를 부르는 것 같아서 만세선인장이라고 불리우고 있어요. 키우기 까다롭지 않고 가시가 없어 안전해 초보 가드너들도 부담 없이 키울 수 있는 식물이에요. ,한 달에 한 번,물 : 약간 목 마르게 선인장 끝이 조금 쪼글쪼글해 졌을 때 주세요.,양지 햇빛이 있는 곳에서 잘자라요.,40%이하
팔손이 나무,팔손이는 우리나라에서 자생하고 쉽게 자라나는 두릅나무과에 속해진 식물이에요. 이름에서도 느껴지듯 잎이 보통 8개로 나온다 하여 '팔손이' 이지만 7~9개로 갈라져 나오기도 해요. 잎의 크기는 40cm 까지도 크게 자라요. 꽃은 흰 색을 띄고 있으며 꽃의 향 때문에 파리들이 주변에 날아 들기도해요. 따듯한 아래 남부지역에서는 야외에서도 키울 수 있어요.,주 1회,"물 : 흙이 바싹 마르지 않게 흙 표면부터 3cm까지 마르면,  듬뿍 주세요.","반음지 햇빛을 좋아하지만, 그늘에서도 잘자라요",40~70%
무늬 산호수,무늬 산호수는 초록색과 아이보리색이 섞인 아름다운 무늬를 가진 식물이에요. 잘 키운다면 가을~봄에 빨간색 열매도 볼 수 있어요. 키우기 어렵지 않고 싱그러운 모습이라 식물을 처음 키우는 분들에게 추천드려요.,주 1~2회,"물 : 흙이 바싹 마르지 않게 흙 표면부터 3cm까지 마르면,  듬뿍 주세요.","반양지 햇빛을 좋아하지만, 그늘에서도 괜찮아요.",40~70%
아데니움(석화),"어린왕자 속 바오밥 나무를 닮은 아데니움은 건조한 기후에서도 아름다운 꽃을 피워 사막의 장미라고도 많이 알려져있어요. 통통한 줄기에 수분을 저장하는 능력이 뛰어나 물을 자주 주지 않아도 되는 식물입니다. 협죽도과에 속하는 아데니움은 진액 속에 독성이 있어서 섭취하면 안되고, 식물을 다룰 때 꼭 장갑을 껴야합니다. ",월 1~2회,"물 : 약간 목 마르게 흙 표면부터 3cm까지 마르면, 듬뿍 주세요.",양지 햇빛이 있는 곳에서 잘자라요.,40~70%
마란타 레우코네우라,"마란타과 식물 마란타 레우코네우라는 키가 많이 크지 않고 옆으로 뻗어 나가는 습성이 있어요. 잎무늬가 붉은색으로 뚜렷하고 알록달록해 색깔과 모양이 이쁜 식물이에요. 'prayer plant' 라는 영어이름을 가지고 있는 마란타는 새벽에 잎이 펴지고 기도 할 때 쯤, 잎이 접힌다고 하여 이름이 지어졌어요. 이 행동은 잎의 습도를 유지하기 위해서 하는 행동이에요. 비슷한 식물인 칼라데아가 있어요. 추위에 약한 편이며 잎끝이 탈 땐 분무를 통해 공중의 습도를 높여주는 것이 좋아요. ",주 1~2회,"물 : 흙이 바싹 마르지 않게 흙 표면부터 3cm까지 마르면,  듬뿍 주세요.","반양지 ~ 반음지 햇빛을 좋아하지만, 그늘에서도 잘자라요",70%이상
청산호(연필선인장),"청산호는 길쭉한 연필을 닮아서 연필선인장으로도 불리우는 다육식물이에요. 햇빛이 들어오는 방향으로 자라는 청산호는 주기적으로 화분을 돌려가며 키워주셔야 똑바르게 자란답니다. 다육식물이기 때문에 물을 많이 주지 않아도 되고 생명력이 강해 초보가드너들이 키우기에 적합한 식물입니다. 하지만 식물에 상처가 나거나 부러지게 되면 그 부위에서 하얀 진액이 나오는데, 이 진액에는 독성이 있어 알러지 반응을 일으킬 수 있기 때문에 다루실 때 항상 주의가 필요한 식물입니다. ",2주 1회,"물 : 약간 목 마르게 흙 표면부터 3cm까지 마르면, 듬뿍 주세요","반양지 햇빛을 좋아하지만, 그늘에서도 잘자라요",40~70%
칼라디움,"칼라디움은 전 세계 2,000종 이상, 다양한 색과 무늬를 가진 식물이에요. 잎이 크고 화려한 무늬를 가졌어요. 꽃자체는 아름답지 않아서 잎을 보기 위해 키우는 식물이랍니다. 알뿌리식물(구근식물)인 칼라디움의 잎의 크기는 뿌리와 비슷하게 자라요. 다른 식물들과 다르게 월동을 하기 위해서는 잎이 시들기 시작하는 가을철에는 줄기와 잎을 모두 잘라주시고, 뿌리(구근)을 캐서 5~15 ℃에 4~5개월 정도 유지한 뒤 모래나 톱밥에 파묻어야 해요.",주 1~2회,"물 : 흙이 바싹 마르지 않게 흙 표면부터 3cm까지 마르면,  듬뿍 주세요.","반양지 햇빛을 좋아하지만, 그늘에서도 잘자라요",70%이상
장미,"장미는 꽃의 여왕이라고 불리는 만큼 아주 화려한 꽃이 피는 식물이에요. 지름 2~3cm의 작은 꽃부터 10cm의 큰 꽃까지 크기와 화형, 화색이 아주 다양해요. 장미는 보통 초여름에 많이 피지만 봄부터 가을까지 거의 사계절 동안 꽃을 볼 수 있는 품종도 있어요. 꽃의 향도  몰약향, 과일향, 아몬드향 등 아주 다양해요. 장미는 실내에서는 벌레가 잘 생기기 때문에 환기가 잘되는 베란다나 테라스 또는 야외에서 키우는 것이 좋아요.",주 2-3회,"물 : 흙이 바싹 마르지 않게 흙 표면부터 3cm까지 마르면,  듬뿍 주세요.",양지 햇빛이 있는 곳에서 잘자라요.,40~70%
마블 선인장,마블 선인장은 납작한 몸통에 토끼귀 같은 귀여운 자구가 다글다글 달려있는 선인장이에요. 자구가 잘 달리는 편이라서 쉽게 번식 시킬 수 있고 다양한 모양을 갖고 있어요. 오푼티아속 선인장으로 가시가 점처럼 박혀있어요. 하지만 가시가 쉽게 흩날려 피부에 박힐 수 있기 때문에 조심하셔야 해요.,2주 1회,"물 : 약간 목마르게 흙 표면부터 3cm까지 마르면,  듬뿍 주세요.",양지 햇빛이 있는 곳에서 잘자라요.,40~70%
수선화,"수선화는 초봄에 흰색, 노란색의 커다란 꽃을 보여주는 구근식물이에요. Narcissus 라는 영어이름은 그리스 로마신화에서 자신의 외모에 반해 물에 빠져 죽은 미소년 나르키소스의 이름에서 유래했다고 해요. 달콤하고 진한 향기가 나는 수선화도 있어요.",싹이 나온 뒤 주2회,"물 : 흙이 바싹 마르지 않게 흙 표면부터 3cm까지 마르면,  듬뿍 주세요",양지 햇빛이 있는 곳에서 잘자라요.,40~70%
더피 고사리,더피 고사리는 동글동글 단추같이 생긴 잎이 조로록 달려있는 고사리에요. 습한곳을 좋아하고 부드러운 햇빛을 좋아해요. 사람이 느끼기에 다소 축축하다고 느끼는 공간에서 가장 잘 자란답니다.,주 1~2회,"물 : 흙이 바싹 마르지 않게 흙 표면부터 3cm까지 마르면,  듬뿍 주세요.",반양지~반음지 직접적인 햇빛은 피해주세요.,70%이상
개운죽,대나무를 닮은 생김새를 지니고 있지만 대나무와 다르게 속이 꽉 차있는 식물이에요. 개운죽은 초보자가 키우기 정말 쉬운 식물로 일반적으로 가정에서는 물에 담구어 키운답니다. 서양에서는 집에 복이 들어온다 하여 'Lucky bamboo' 라는 영어 이름을 가지고 있어요. 밝은 곳을 좋아하지만 실내의 빛이 부족한 곳에서도 잘 자라는 편이어서 공부방에 두어도 좋아요. ,주 1회,"물 : 흙이 바싹 마르지 않게 흙 표면부터 3cm까지 마르면,  듬뿍 주세요.","반음지 햇빛을 좋아하지만, 그늘에서도 잘자라요",40~70%
쿠션부쉬,"호주의 해안가에서 자라는 호주야생화, 쿠션부쉬는 1m까지 자라는 식물이에요. 우리나라는 실내에서 키워서 20~70cm 정도로 자란답니다. 국화과의 식물이라 꽃이 피면 노란색 꽃을 피워요. 햇빛이 잘들고 바람이 아주 잘부는 환경을 좋아해서 실내에서 키우기 다소 어려운 식물이에요. 그럼에도 눈부신 은백색 잎이 매력적이어서 사랑받는 식물이에요.",주 1회,"물 : 약간 목마르게 흙 표면부터 3cm까지 마르면,  듬뿍 주세요.",양지 햇빛이 있는 곳에서 잘자라요,40% 이하
디시디아 화이트,디시디아 화이트는 연두색 바탕에 흰 띄를 두른 모습의 식물이에요. 잎이 두툼한 다육질이라 많은 물을 필요로 하지 않아요. 착생식물이기 때문에 나무 줄기나 소라 등 다양한 곳에 올려서 기를 수 있어요.,주 1~2회,"물 : 약간 목마르게 분무를 해주거나, 30분정도 물에 담가주세요.","반양지 햇빛을 좋아하지만, 그늘에서도 괜찮아요.",40~70%
호리더스 소철,"호리더스 소철은 강렬한 뿔 모양의 은백색 잎을 가진 소철이에요. Horridus는 라틴어로 '강렬하고 두려운, 끔찍한' 을 의미하는데 무장한 강렬한 생김새의 잎을 표현한 적절한 이름이에요. 강한 햇빛과 건조로 부터 보호하기 위해 은백색 왁스층으로 덮혀있어요. 손으로 문지르면 지워지지만 다시 햇빛을 많이 받게되면 왁스층이 생겨요. 또한 성장속도가 아주 느린편이에요. ",2주 1회,"물 : 약간 목마르게 흙 표면부터 3cm까지 마르면,  듬뿍 주세요.",양지 햇빛이 있는 곳에서 잘자라요,40 ~ 70%
체리 세이지,"세이지는 save, heal의 의미를 가진 라틴어 'salveo'에서 유래된 이름이에요. 치유와 회복의 허브입니다. 체리 세이지는 세이지의 여러 종류 중에 체리핑크색의 꽃이 피는 품종입니다. 체리 세이지에는 항산화물질이 풍부해서 노화방지와 염증완화에 탁월한 효능이 있고 소화를 촉진시키며 마음을 진정시키는 효과가 있어요. 옛날에는 고기의 부패를 방지하기 위해서 사용하기도 했어요. 체리 세이지는 환경 적응능력이 뛰어나요. 더위에도 강하고 습도, 건조에도 강해요. 다른 허브류와 마찬가지로 자주 솎아내 주시는 것이 좋아요.",주 1회,"물 : 흙이 말랐을 때 듬뿍 주세요. 흙 표면부터 3cm까지 마르면, 듬뿍 주세요.",양지~반양지 빛을 좋아하지만 직접적인 강한 빛은 피해주세요.,40~70%
미모사,"미모사는 잎을 건드리면 수줍은 듯 움츠러 들어 신경초, 함수초라고도 불려요. 이 매력적인 식물은 은엽 아카시아와 잎 모양이 비슷해요. 줄기에는 가시가 있어 만질 때, 주의해야 해요. 미모사는 한약의 재료로 눈의 충혈, 대상포진을 치료 할 때 사용 할 수 있어요. 움직이는 식물이기 때문에 조카가 태어났거나 친구 혹은 연인에게 선물하기에도 좋아요. 반응이 귀엽다고 자꾸 만지면 스트레스를 받아 시든답니다.",주 1~2회,"물 : 흙이 바싹 마르지 않게 흙 표면부터 3cm까지 마르면,  듬뿍 주세요.",양지 ~ 반양지 햇빛이 있는 곳에서 잘자라요,40~70%
