plCode,divName,eclgyName,height,area,flColor,flSeason,smellCode,lightDemand,place,toxic,levelCode,growSpeedCode,growTempCode,winterLowCode,humidityCode,springWtCode,summerWtCode,autumnWtCode,winterWtCode,speclManage
12938,"잎&꽃보기식물,열매보기식물",일반형,15,25,"분홍색,흰색",여름,079002,"중간 광도(800~1,500 Lux),높은 광도(1,500~10,000 Lux)","거실 창측 ,발코니 내측 ,발코니 창측 ",,089002,090003,082002,057001,083002,053003,053003,053003,053004," 진달래과의 작은 관목으로 척박한 산성토양에서 잘 자라며 키는 20cm정도로 포복형이다.  암석정원에 잘 어울린다."
12955,잎보기식물,일반형,100,50,,,079001,"높은 광도(1,500~10,000 Lux)","거실 창측 ,발코니 내측 ,발코니 창측 ",,089002,090002,082002,057004,083002,053003,053003,053003,053004,"겨울에는 건조하게 관리한다. 어린 나무일수록 물을 더 자주 준다. ※ Cupressus macrocarpa 품종 중에 'wilma', 'goldcrest' 등의 품종이 있는데, 우리가 사용하고 있는 율마라는 이름은 “wilma""에서 나온 것으로 생각된다. 따라서 율마라는 이름이 윌마로 교정되어야하지 않을까 고려된다.바람에 약하며 줄기 아랫부분의 잎이 떨어지면 황량한 느낌을 주지만 토피아리 형식으로 키울 수도 있다.크리스마스 트리로 실내에 장식하면 좋다."
12954,잎보기식물,"일반형,수경형",90,30,,,079004,"낮은 광도(300~800 Lux),중간 광도(800~1,500 Lux),높은 광도(1,500~10,000 Lux)","거실 내측 ,거실 창측 ,발코니 내측 ,발코니 창측 ",있음,089001,090002,082002,057005,083002,053002,053002,053002,053003,"수경은 물주기가 필요 없으나, 화분은 1-2주에 한번씩 충분히 관수한다. 화분에 심을 경우에는 부드럽고 배수가 잘 되는 토양에 심음 ※ 개운죽은 관엽으로 분류되어 있지만 사실은 잎보다 잎이 떨어진 후 대나무처럼 보이는 줄기가 더욱 관상의 대상이 된다. 직선보다 곡선의 줄기가 필요한 경우에는 줄기를 곡선으로 유도할 수 있다."
13337,잎보기식물,일반형,200,100,,,079004,"중간 광도(800~1,500 Lux),높은 광도(1,500~10,000 Lux)","거실 창측 ,발코니 내측 ,발코니 창측 ",수액이 인체의 피부나 점막을 자극할 수 있다.,089001,090001,082003,057005,083002,053003,053003,053003,053004," 가지변이종으로 붉은 빛이 도는 짙은 녹색잎에, 뒷면 중륵과 잎자루가 붉은 갈색입니다. 열매는 긴 타원형이며 무화과같이 생기고 노란빛을 띤 녹색으로 성숙한다. 높이는 30cm이상 자라며, 털이 없고 잎과 줄기를 자르면 흰 즙이 나온다. 잎은 어긋나고 타원형이거나 긴 타원형이며, 어릴 때는 턱잎으로 싸이고 붉은빛을 띤다.  꽃은 6∼7월에 피는데, 잎겨드랑이에 1∼2개의 꽃차례로 핀다.  털이 없고 기근을 내린다. 잎과 줄기를 자르면 흰 즙이 나온다. 잎 표피 밑에 종유체가 있고, 꽃턱은 막질은 종이처럼 반투명 하다. 이 데코라고무나무의 변종으로 소피아고무나무가 있다."
12962,잎&꽃보기식물,일반형,30,30,분홍색,봄,,"중간 광도(800~1,500 Lux),높은 광도(1,500~10,000 Lux)","거실 창측 ,발코니 내측 ,발코니 창측 ",,089002,090002,082002,057005,083002,053003,053003,053003,053003," "
12957,잎보기식물,일반형,300,100,흰색,여름,,"중간 광도(800~1,500 Lux),높은 광도(1,500~10,000 Lux)","거실 창측 ,발코니 내측 ,발코니 창측 ",,089002,090002,082003,057005,083003,053003,053003,053003,053003," 포름알데히드, 벤젠, 톨루엔, 트리클로로 에틸렌"
12963,잎보기식물,일반형,200,70,,,,"낮은 광도(300~800 Lux),중간 광도(800~1,500 Lux),높은 광도(1,500~10,000 Lux)","실내 어두운 곳 ,거실 내측 ,거실 창측 ,발코니 내측 ,발코니 창측 ",수액이 인체의 피부나 점막을 자극할 수 있음,089002,090003,082002,057002,083002,053003,053003,053003,053004,관음죽을 지하관수나 수경재배로 기르는 경우에는 수돗물 속의 염분이나 미네랄이 잎 끝에 축적되어 갈색으로 변할 수도 있다.  이런 현상이 나타날 때에는 갈색으로 변한 부분만 가위로 잘라내면 된다. 그러면 염분도 제거할 수 있고 특유의 톱니모양의 녹색 잎을 유지시킬 수 있다. 손바닥 모양의 잎을 가진 집에서 기르기 쉽고 그늘과 추위에도 잘 견디고 병해충에도 강하기기 때문에 기르기 쉬운 식물이다. 자라는 속도가 느려서 관리가 편하다. 반엽이 들어있는 종은 색상이 더욱 아름답다. 2년에 한 번씩 분갈이를 해 주면 좋다.
12972,잎&꽃보기식물,일반형,30,30,"분홍색,빨강색,노랑색","봄,여름",,"중간 광도(800~1,500 Lux),높은 광도(1,500~10,000 Lux)","거실 창측 ,발코니 내측 ,발코니 창측 ",,089002,090003,082003,057005,083002,053003,053003,053003,053003,"이 구즈마니아는 습도가 높은 것을 좋아하며, 음지에서 잘 자라기 때문에 아파트에서 기를 경우 차광을 강하게 하는 것이 바람직하다.  생육에 알맞은 온도는 낮에는 25-30℃, 밤에는 20℃ 정도이며 추위에는 약한 편으로 겨울에 10℃ 이상은 유지해 주어야 안전하게 월동할 수 있다. 식물체 중심 잎과 잎 포기 사이 물통에 물이 고이도록 함"
13201,잎&꽃보기식물,일반형,30,30,"분홍색,빨강색,오렌지색,흰색","봄,여름,가을",079004,"높은 광도(1,500~10,000 Lux)","거실 창측 ,발코니 내측 ,발코니 창측 ",,089002,090001,082003,057005,083003,053002,053002,053003,053004,"1년 내내 꽃을 피워내는 귀한 식물이다.  실내, 실외 화단에 꼭 필요하며 생장속도가 빨라서 식물이 너무 무성해지면 통풍이 되지 않으므로 주의한다.  시든잎과 시든꽃잎은 자주 따 준다. "
14689,잎보기식물,"일반형,수경형",150,50,,,079003,"중간 광도(800~1,500 Lux),높은 광도(1,500~10,000 Lux)","거실 내측 ,거실 창측 ,발코니 내측 ,발코니 창측 ",없음,089001,090003,082002,057004,083002,053002,053002,053002,053004,"- 물주기: 찬물 사용 주의 우리나라에는 1960년대부터 들어와서 실내식물로 많이 알려졌다. 드라세나 마지나타는 잎 모양이 창처럼 가느다랗고 잎 길이는 60cm 내외이다. 또한, 야자수 잎처럼 뭉쳐나는 아름다운 잎들은 미술관, 관공서, 호텔, 쇼핑몰, 고급 레스토랑의 입구에서 우아한 자태를 뽐내곤 한다. 뿌리가 화분구멍으로 나오는 경우 흙이 굳어져서 물 흡수가 제대로 되지 않는 경우나, 뿌리가 썩어 식물 아랫부분 잎이 시드는 경우, 분갈이를 해주는 것이 좋다. 봄 4~6월, 겨울은 9~10월 사이에 하는 것이 좋다. 드라세나 마지나타는 자일렌과 트리클로로에틸렌 등 실내 독성물질 제거 능력이 우수해 공기청정기 역할을 톡톡히 해내므로 실내공기 정화에 좋다."
18604,잎보기식물,일반형,20,30,,,,"낮은 광도(300~800 Lux),중간 광도(800~1,500 Lux),높은 광도(1,500~10,000 Lux)","거실 내측 ,거실 창측 ,발코니 내측 ,발코니 창측 ",,,,082003,057003,083002,053003,053003,053003,053004," 높은 습도를 좋아함, 오랜 기간 잘 키우기가 어려우므로 매년 봄 분갈이 해 줌"
13203,잎보기식물,일반형,200,100,,,079004,"중간 광도(800~1,500 Lux),높은 광도(1,500~10,000 Lux)","거실 창측 ,발코니 내측 ,발코니 창측 ",있음,089001,090003,082001,057002,,053002,053002,053002,053003,실내의 불량한 환경에도 잘 견디며 생장이 더디며 많은 관리를 필요로 하지 않는다. 나한송은 잎이 잘 떨어지거나 누렇게 변하지 않고 늘 푸르러 공기정화 효과가 좋다. 잎이 반질거리고 잎을 감상하기에 좋은 식물이다. 나한송 솔잎 모양에 화려하지 않지만 음지에서도 비교적 잘 자리고 자라는 속도는 늦어 실내용품으로 많이 애용하고 있다.
12966,잎&꽃보기식물,일반형,50,50,"분홍색,흰색","봄,여름",079002,"중간 광도(800~1,500 Lux),높은 광도(1,500~10,000 Lux)","거실 창측 ,발코니 내측 ,발코니 창측 ",모기퇴치 식물,,,082002,057004,083002,053003,053003,053003,053004," "
13206,"잎보기식물,열매보기식물",일반형,150,100,"분홍색,흰색","봄,여름",079004,"높은 광도(1,500~10,000 Lux)","거실 창측 ,발코니 내측 ,발코니 창측 ",있음,089001,090002,082002,057002,083002,053003,053003,053003,053004,"분흙의 물빠짐이 좋아야 한다. 지나친 과습과 건조는 잎을  황화시켜 떨어지게 한다. 꽃, 열매, 잎, 단풍이 모두 아름답고 실내의 동양적인 분위기에 잘 어울린다. 성숙한 열매를 남천실이라 하며 해수, 천식, 백일해, 간기능장애 등에 약제로 사용한다."
13202,잎&꽃보기식물,건조형,10,20,"흰색,기타","봄,여름",079002,"중간 광도(800~1,500 Lux)","발코니 내측 ,발코니 창측 ",,089002,090003,082003,057003,083003,053004,053004,053004,053004,"- 보통 풍란 하면 소엽풍란을 말한다.  - 나도풍란은 잎이 넓은 대엽풍란이다.  - 자연 상태에서는 6년 정도가 지나야 꽃을 피우는데, 그 향기가 진하여 취할 정도로 좋다. "
14688,잎보기식물,일반형,150,50,,,079003,"중간 광도(800~1,500 Lux),높은 광도(1,500~10,000 Lux)","거실 내측 ,거실 창측 ,발코니 내측 ,발코니 창측 ",애완동물에게 해로울 수 있음,089002,090003,082003,057005,083002,053003,053003,053003,053004,-물주기: 온수사용 드라세나 드라코는 자연서식지에서는 거목이나 실내에서는 겨우 1m까지만 자란다. 빛이 충분하면 잎 가장자리에 약간 붉은색을 띄운다. 오래된 잎은 아래쪽으로 아치형을 그린다. 줄기나 잎을 자르면 그 단면에 붉은 액체가 흐른다고 해서 ‘용혈수’(龍血樹)라 불린다. 산소와 음이온을 많이 내뿜어 공기정화 효과가 뛰어나다. 이국적인 느낌의 관상가치가 높은 실내식물이다.  
12974,잎&꽃보기식물,일반형,50,30,"빨강색,오렌지색,노랑색","봄,여름",,"중간 광도(800~1,500 Lux),높은 광도(1,500~10,000 Lux)","거실 창측 ,발코니 내측 ,발코니 창측 ",복용시 치명적 독성,089002,090003,082002,057004,083002,053003,053003,053003,053004,"군자란의 수명은 30년 이상으로 장수하는 식물이다. 어린 묘로부터 시작하면 3년은 지나야 꽃이 피지만, 일단 꽃을 피운 것은 이듬해부터는 매년 꽃을 피운다.  씨앗으로 번식해도 되지만 꽃이 피기까지 5년 정도 걸리기 때문에 보통은 포기나누기 한다.  씨앗은 11월경에 충분히 성숙된 것을 따서 뿌리면 되는데 다소 저온인 16-21℃에서 발아가 잘된다. 포기나누기는 늦은 겨울이나 이른 봄에 한다. "
18649,잎보기식물,일반형,30,30,,,079004,"낮은 광도(300~800 Lux),중간 광도(800~1,500 Lux)","거실 내측 ,거실 창측 ,발코니 내측 ",,,,082002,057004,083002,,,,,"실내 밝은 장소에 배치한다. 잎이 작은데 배해 번식력이 왕성하여 지저분해지기 쉬우므로 자주 정리해 주어야 한다. 대체로 키우기 쉬운 식물로, 직사광선만 피하면 잘 자란다."
13207,잎&꽃보기식물,"일반형,건조형",30,50,"빨강색,오렌지색","봄,여름",079004,"중간 광도(800~1,500 Lux),높은 광도(1,500~10,000 Lux)","거실 창측 ,발코니 내측 ,발코니 창측 ",,089002,090002,082002,057004,083002,053003,053003,053003,053004," "
13208,잎&꽃보기식물,일반형,30,30,"보라색,분홍색,빨강색,흰색","봄,여름",,"중간 광도(800~1,500 Lux),높은 광도(1,500~10,000 Lux)","거실 창측 ,발코니 내측 ,발코니 창측 ",,089002,090002,082002,057005,083003,053003,053003,053003,053003,"잎이 단단하여 오래가지만 몸에 가시가 있어 세게 만지면 다친다. 개화기에는 가운데 있는 잎들이 포인세티아처럼 빨갛게 또는 보랏빛으로 물이 들어 오랜 기간동안 그 모습을 유지한다. 포엽 가운데 물이 차며 여기서 청보라색의 꽃이 핀다. 잎을 보는 관엽식물로써 실내분화용으로 쓰인다. 우리나라에서도 즐겨 재배되고 있으며 화원에서 쉽게 구할 수 있다. 꽃대는 거의 뻗어 나오질 않고 원통 속에서 꽃이 핀다. 이 식물의 생육습성은 착생형으로 일부 동양란들처럼 뿌리가 공기에 많이 노출돼야 잘 자란다. 그래서 통기성이 아주 뛰어난 바크(소나무 껍질 같은 유기물) 같은 용토에 심는 것이 보통이다. Soil Type:   Use a GOOD rich potting soil (a soil that retains water yet drains well), such as an African violet mix. If you want to mix your own take: 1 part humus (leaf mold), 1 part peat and 1 part coarse sand or perlite. Always use a pot with a hole.  General Description: The broad, verdant rosettes of this epiphytic bromeliad blush red at their center as they bloom. It is native to tropical forests of Brazil.  Neoregelia carolinae produces evergreen rosettes of leathery, arching, strap-shaped leaves with finely toothed margins. The leaf bases at the center of the rosette form a tubular cup which catches and holds water. Mature rosettes bear tiny lavender blooms on dome-shaped flower heads that are held within the blushing 'water cup.' Rosettes die after flowering, producing offsets (pups) to take their place.  This tropical tree-dweller loves humidity, warmth, and a moist, well-drained growing medium. Secure it to a tree branch in a tropical garden or greenhouse, or grow it in a porous potting mix that's rich in organic matter (such as sphagnum or pelleted bark). Keep the rosette 'cup' filled with water from spring to fall, especially if plants are exposed to direct sun rays. Water sparingly from late fall through winter. Blushing bromeliad makes a nice border accent or massed groundcover for frost-free gardens.  Among the named selections of this bromeliad are 'Flandria,' with cream-edged leaves and bright scarlet centers. The leaves of variety tricolor have pale yellow and pink stripings. Usage-Container, Groundcover, Houseplant, Mixed Border, Tropical"
18656,잎&꽃보기식물,일반형,20,20,"분홍색,흰색",여름,,"중간 광도(800~1,500 Lux),높은 광도(1,500~10,000 Lux)","거실 창측 ,발코니 내측 ,발코니 창측 ",,,090001,082002,057001,083002,053003,053003,053003,053004," 바위취는 우리나라 중부 이남의 반음지,음지에 조경용으로 식재하는는 상록 다년생 초본이다. 잎은 녹색에 연한 무늬가 있고, 뒷면은 자줏빛이 도는 붉은색이며 길이는 3~5㎝이다. 잎 가장자리에 치아 모양의 얕은 결각이 있으며 길이는 3~5㎝이며 꽃은 백색으로 꽃자루의 높이는 20~40㎝로서 곧게 서며 길이는 10~20㎝이고 짧은 홍자색의 선모가 있으며 줄기 꼭대기에서 핀다. 열매는 7~8월경에 달리고 길이는 4~5㎜로 원형이고 종자는 난형(달걀 모양)이며 관상용, 지피식물 또는 분화용으로 쓰이며, 전초는 약용으로 쓰인다."
13338,잎&꽃보기식물,건조형,50,30,"보라색,분홍색,빨강색,노랑색,흰색,혼합색","봄,여름,가을,겨울",079003,"높은 광도(1,500~10,000 Lux)","거실 창측 ,발코니 내측 ,발코니 창측 ",,089002,090003,082003,057005,083002,053004,053004,053004,053004,봄-가을 까지는 실외에 두고 꽃이 개화하여 80%정도에서 꽃대를 잘라주면 새로운 싹을 받기에 좋다. 
12990,잎&꽃보기식물,일반형,100,50,"오렌지색,노랑색,흰색",가을,079001,"중간 광도(800~1,500 Lux),높은 광도(1,500~10,000 Lux)","거실 창측 ,발코니 내측 ,발코니 창측 ",,089001,090002,082002,057001,083002,053003,053003,053003,053003,- 실내환경: 밝고 시원한 곳 - 전지전정: 무성한 성장을 촉진시키기 위해 정기적으로 적심함 땅에서부터 많은 줄기가 올라와 생울타리로 적당하다.
13210,선인장다육식물,건조형,5,30,,,079003,"중간 광도(800~1,500 Lux),높은 광도(1,500~10,000 Lux)","거실 창측 ,발코니 내측 ,발코니 창측 ",복용시 치명적 독성,089002,,082002,057005,083002,053004,053004,053004,053004," 실내 걸이용 화분이고 건조에 강한 식물이므로 겉흙이 완전히 마르면 관수한다.   사계절을 통하여 피는 작고 하얀 꽃이 파란 콩 모양의 잎과 더불어 귀엽다. 온도가 낮은 환경에서는 특별히 흙을 건조하게 관리하여야 한다."
12994,잎보기식물,일반형,100,70,,,079003,"중간 광도(800~1,500 Lux),높은 광도(1,500~10,000 Lux)","거실 내측 ,거실 창측 ,발코니 내측 ,발코니 창측 ",,,090002,082002,057001,083002,053003,053003,053003,053004," Skill Level: Beginner"
13339,잎보기식물,일반형,30,30,,,079004,"낮은 광도(300~800 Lux),중간 광도(800~1,500 Lux),높은 광도(1,500~10,000 Lux)","실내 어두운 곳 ,거실 내측 ,거실 창측 ,발코니 내측 ,발코니 창측 ",,089001,090002,082002,057001,083001,053002,053002,053002,053003," 바닷가와 섬의 저지대의 바위틈에서 자란다. 잎자루의 길이는 15~40cm이며, 비늘조각이 붙는다. 잎 몸의 길이가 20~60cm, 폭이 10~25cm 잎 조각의 길이는 7~13cm, 폭 2.5~5.0cm이다. 상록성으로서 짧고 굵은 뿌리를 가진다. 겹잎으로 끝이 갑자기 뾰족해지며, 포자낭군은 뒷면 전체에 붙으며, 표막이 둥글고 성숙하면 중앙부가 흑갈색으로 된다."
12988,잎&꽃보기식물,일반형,10,50,"분홍색,흰색","봄,여름",,"중간 광도(800~1,500 Lux),높은 광도(1,500~10,000 Lux)","거실 창측 ,발코니 내측 ,발코니 창측 ",,089001,,082002,057002,083002,053003,053003,053003,053004," "
13340,"잎&꽃보기식물,열매보기식물",일반형,100,50,"노랑색,흰색",봄,079001,"중간 광도(800~1,500 Lux),높은 광도(1,500~10,000 Lux)","거실 창측 ,발코니 내측 ,발코니 창측 ",애완동물에게 해로울 수 있음,089001,090002,082002,057001,083002,053003,053003,053003,053004," 돈나무란 Money tree와는 상관이 없고, 제주도에서 돈나무를 똥낭, 즉 똥나무라는 뜻으로 부르는데서 연유했다. 이는 열매가 겨우내 끈적한 점액질에 싸여 있어서 온갖 곤충과 벌레들이 모여들어 지저분하게 보이기 때문이다. 남쪽에서 주로 자라나며, 지역에 따라 이름이 여러 가지로 불린다. 높이가 최대 2~3m 까지 자라며, 잎의 길이는 4~10cm, 너비는 2~3cm 잎 가장자리에는 톱니가 없고 뒤로 말려 있으며, 꽃의 지름은 1cm안팎이다. 꽃이 지고 열매를 맺는데 길이가 1.5cm쯤 되고, 열매는 둥글거나 넓은 타원형이고 길이가 1.2cm 이며, 익으면 두 갈래로 붉은 씨가 나타난다. 생육온도는 16~10℃ 정도, 습도는 40~70% 정도 이다. 염분 저항성이 있어 해안지방의 방풍림으로 좋으며 목재는 어구 재료로사용하고 잎은 가축의 먹이로 이용가능하다.  枝葉(지엽) 및 皮(피)를 七里香(칠리향)이라 하며 약용한다. 돈나무는 혈압을 낮추며 습진과 혈액순환에 약제로 쓰이기도 한다."
12998,"잎보기식물,열매보기식물",일반형,100,70,"파랑색,노랑색",봄,079003,"중간 광도(800~1,500 Lux),높은 광도(1,500~10,000 Lux)","거실 창측 ,발코니 내측 ,발코니 창측 ",,089001,090003,082002,057001,083002,053003,053003,053003,053004," 민간요법으로 나무껍질과 잎을 뱀독이나 종기,화상 등에 약으로 쓰기도 한다."
14663,잎&꽃보기식물,일반형,200,100,"분홍색,빨강색,흰색,혼합색","봄,겨울",079002,"높은 광도(1,500~10,000 Lux)","거실 창측 ,발코니 내측 ,발코니 창측 ",없음,089002,090003,082002,057001,083002,053003,053003,053003,053004,"- 겨울철 바람으로 인한 탈수피해가 있을 수 있어 노출을 주의함  - 지나친 가지치기를 피함 동백은 상록 활엽소 교목으로 남부지방, 제주도에 자생한다 꽃은 12~4월에 피어서 결실기는 가을이다. 잎은 타원형이고 길이 5~12cm. 폭 3~7cm이며, 엽병은 길이 2~15mm로 털이 없다.  꽃의 열매는 지름 3~5mm로 붉은색이 돌며 9월에 성숙한다. (“산다화“라 하며 약용으로 이용한다.) 동백나무는 꽃봉오리의 채취시기는 춘추부터 곡우(4월) 사이에 채취한다."
18692,잎&꽃보기식물,일반형,40,40,노랑색,여름,079004,"중간 광도(800~1,500 Lux),높은 광도(1,500~10,000 Lux)","거실 창측 ,발코니 내측 ,발코니 창측 ",,089002,090002,082002,057002,083002,053003,053003,053003,053003,"  국화과의 여러해살이풀로 남부지방이나, 울릉도 ,제주도의 바닷가에서 자란다. 늘 푸른 잎이며 뿌리줄기는 굵고 짧으며 줄기는 곧게 서며 꽃대 모양이고 흰빛이 도는 갈색털이 덮여 있다. 9~10월에 머리모양 꽃차례를 이루고 노랑색의 꽃이 피며 꽃대 모양의 줄기 끝에 여러 개가 모여서 고른꽃차례를 이룬다. 한방과 민간에서 뿌리와 식물체를 진통, 보익, 진정 등의 약재로 쓰며 민간에서 줄기와 잎을 해독제로 쓰고 싱싱한 잎을 습진 또는 곪는데 약으로 쓰며, 관상용으로 많이 심는다. "
13186,잎보기식물,건조형,60,30,,,,"중간 광도(800~1,500 Lux),높은 광도(1,500~10,000 Lux)","거실 내측 ,거실 창측 ,발코니 내측 ,발코니 창측 ",복용시 치명적 독성,089001,090003,082002,057005,083002,053003,053003,053003,053004," 그늘진 곳에서 잘 견디지만, 실내 밝은 간접광이 더 좋다. 환경 조건에 견디는 힘이 뛰어나고 과습한 상태에서 저온상태가 되면 뿌리가 썩기 쉽다. 수분이 많은 지하경을 가지고 광택이 있는 잎이 매력적이다."
18659,잎보기식물,일반형,30,30,,,079004,"중간 광도(800~1,500 Lux),높은 광도(1,500~10,000 Lux)","거실 창측 ,발코니 내측 ,발코니 창측 ",,089003,090002,082002,057005,083002,053002,053002,053002,053003," 본 종의 포자엽은 30~70㎝이고 길이는 60~90㎝로 기부는 좁고 직립한다. 잎 기부로부터 잎 끝까지의 형태는 V자형으로 상부에는 2~3회 우상으로 갈라져서 늘어진다. 잎 표면은 회녹색이고 뒷면은 녹백색이다. 외투엽은 원형으로 불룩하게 튀어 나오고 처음에는 녹색, 후에는 갈색으로 변한다. 외투 직경은 20㎝로 잎 가장자리는 약간의 파상이며 본 엽은 총생하고 좁고 길다. 갈라진 잎의 길이는 10㎝, 폭은 4㎝로 회녹색이고 뒷면은 회녹백색으로 털이 있다. 포자낭군은 황갈색이고 열편의 정점이 착생한다. 그래서 갈라진 풀잎은 황갈색으로 변한다. 원산지는 열대 아프리카, 열대 아시아, 온대 오스트레일리아로 14종이 있다. 회녹색의 사슴뿔 모양을 지니고 있으며 밝은 곳을 좋아한다. 건조한 것 보다는 습한 환경을 좋아하므로 잎에 자주 분무해 준다."
13196,잎보기식물,"일반형,수경형",100,30,,,,"낮은 광도(300~800 Lux),중간 광도(800~1,500 Lux),높은 광도(1,500~10,000 Lux)","거실 창측 ,발코니 내측 ,발코니 창측 ",있음,089001,090003,082002,057005,083002,053003,053003,053003,053004,"식물체 중심 잎과 잎 포기 사이 물통에 물이 고이도록 한다. 포름알데히드, 벤젠, 톨루엔, 자일렌, 트리클로로 에틸렌"
13218,꽃보기식물,일반형,30,30,"분홍색,빨강색,오렌지색,흰색","봄,여름,가을",079004,"중간 광도(800~1,500 Lux),높은 광도(1,500~10,000 Lux)","거실 창측 ,발코니 내측 ,발코니 창측 ",,089001,090002,082003,057005,083001,053002,053002,053003,053004,"물을 매우 좋아하므로 생장기에는 충분히 주지만, 흙이 물에 잠겨있으면, 뿌리가 썩을 수 있다. ● 열대성 작물로 추위에 약한 다년생의 초본 또는 반 관목으로 반그늘에서도 생육 및 개화하 양호함 ● 초장은 일반적으로 30~60cm로 자라고 잎은 난형피침형으로 긴 잎자루가 있으며 화경이 겨드랑이에서 나오고 화경마다 2.5~4.0cm되는 꽃이 1~3개 핌 ● 생육적온은 20~25℃정도이고, 15℃이하가 되면 생육 및 착화가 둔화됨 ● 뉴기니아봉선화는 여름철을 대표하는 분화류 ● 5월에 모종을 구매해 햇빛이 잘 드는 실내에서 기르면 여름철 내내 꽃을 볼 수 있음 ● 속명은 라틴어의 impatience(참을 수 없는)에서 유래 ● 뉴기니아 봉선화의 개화에 대한 일장반응은 중성식물로 계절에 관계없이 잘 개화한다. "
13199,잎보기식물,일반형,30,30,,,079004,"중간 광도(800~1,500 Lux),높은 광도(1,500~10,000 Lux)","거실 창측 ,발코니 내측 ,발코니 창측 ",,089002,090002,082002,057005,083002,053003,053003,053003,053004," "
13333,잎보기식물,일반형,200,100,,,,"중간 광도(800~1,500 Lux),높은 광도(1,500~10,000 Lux)","거실 내측 ,거실 창측 ,발코니 내측 ,발코니 창측 ",,089002,090002,082003,057005,083002,053003,053003,053003,053004,"환경에 빨리 적응하지 못하므로 갑자기 햇빛으로 내 놓거나, 실내로 옮기면 잎이 많이 떨어지므로 서서히 적응기간을 두어 옮긴다. 대만고무나무의 밑둥을 분재처럼 둥글게 재배한 종류를 ‘인삼벤자민’,‘가쥬마루’라 부른다. 환경에 빨리 적응하지 못하므로 갑자기 햇빛으로 내놓거나, 실내로 옮기면 잎이 많이 떨어지므로 서서히 적응기간을 두어 옮긴다. 상록 교목으로 자생지에서는 25cm정도 자라지만 온실 화분내에서는 1.2~1.8m 정도 자란다. 줄기에는 기근이 발생된다. 잎 길이는 5~10cm정도이며 비후하고 광택이 있다. 번식은 삽목 또는 고취법으로 행한다. 동일종 내에서도 잎이 크기가 다르며 형태차도 크다."
14674,잎보기식물,일반형,150,60,,,079004,"중간 광도(800~1,500 Lux),높은 광도(1,500~10,000 Lux)","거실 내측 ,거실 창측 ,발코니 내측 ,발코니 창측 ",,089002,090002,082003,057005,083002,053003,053003,053003,053004,"- 성장기인 5~9월엔 분흙의 상태를 보아 1주일을 기준으로 물관리함   흙이 마르지 않게 조절하되 과습하지 않도록 주의 - 과습은 잎이 노랗게 마르면서 낙엽이 지거나 줄기가 썩는 원인  - 온도가 낮아지면 낙엽 지고, 봄이 되어야 잎이 나옴 가장자리에 무늬가 있는 잎도, 무늬가 없는 잎도 다 같이 단정하고 매력적이어서 동양적인 이미지의 나무이다. 키가 큰 나무는 고가이므로 작은 크기의 나무를 사서 잘 관리한다. 키우기가 쉽지 않은 품종이다. 특히 환경이 맞지 않으면 잎이 쉽게 떨어지므로 직사광선이 아닌 밝은 빛에 식물을 두고 겨울에는 건조하거나 춥지 않게 관리해야 한다. 가장 중요한 문제는 습도조절이다. 자주 잎에 분무해 주면 공중습도 유지에 좋다.   삽목시에는 발근 촉진제를 사용하는 편이 성공할 확률이 높다."
14694,잎보기식물,"일반형,수경형",150,50,흰색,,079003,"낮은 광도(300~800 Lux),중간 광도(800~1,500 Lux),높은 광도(1,500~10,000 Lux)","거실 내측 ,거실 창측 ,발코니 내측 ,발코니 창측 ",없음,089001,090002,082002,057002,083002,053002,053002,053002,053004,"- 물주기: 흙의 상태,관리환경에 따라 분흙이 마르는 듯하면 충분이 줌.(물이 부족하면 잎무늬에 기미가 끼게 되고 건조하면 응애가 발생함) - 불소 화합물 독성 때문에 잎끝이 갈변되고 살충제로 인해 잎가장자리가 타기도 함.  - 과습이 심할 경우 부패, 시들음, 잎반점 등 나타남. 고급스러운 이미지에 맞게 꽃말은 번영과 영광, 다양한 크기와 무늬를 가진 품종이다. 어두운 그늘에서 잘 적응하는 반음지 식물, 직사광선은 피하고 추위에 약해 겨울에 따뜻하게 관리해야 한다. 잎과 가지를 가지치기해서 정리해 주어야 새로운 가지가 잘 나온다. 영양공급을 뒷받침에 주어야 약하게 자라지 않고 3~4개 이상의 굵고 튼튼한 여러 개의 가지로 자라나게 할 수 있다. 노란색 바탕의 잎에 짙은 녹색 무늬를 가진 소형종이며, 낮은 광도 등의 환경이 비교적 좋지 않는 곳에서도 잘 자라므로 실내조경에 자주 사용될 뿐 아니라 일반 가정에서도 매우 인기가 있어서 선물용으로 많이 이용되고 있다."
18694,"잎&꽃보기식물,열매보기식물",일반형,90,40,흰색,"봄,여름",079004,"낮은 광도(300~800 Lux),중간 광도(800~1,500 Lux),높은 광도(1,500~10,000 Lux)","실내 어두운 곳 ,거실 내측 ,거실 창측 ,발코니 내측 ,발코니 창측 ",,,,082002,057002,083002,053003,053003,053003,053003," 부식질이 풍부하고 보수력이 좋은 토양이 적합하며 약간 응달진 장소가 좋음"
14675,잎&꽃보기식물,일반형,100,100,"보라색,기타","봄,여름",079001,"높은 광도(1,500~10,000 Lux)","거실 창측 ,발코니 내측 ,발코니 창측 ",,,,082003,057005,083002,053003,053003,053003,053004," "
14915,잎&꽃보기식물,일반형,50,40,"분홍색,흰색","봄,여름",079002,"중간 광도(800~1,500 Lux),높은 광도(1,500~10,000 Lux)","발코니 내측 ,발코니 창측 ",,089002,,082002,057002,083002,053003,053003,053003,053004," 만천성(滿天星)·두메별꽃이라고도 한다. 높이 약 1m이다. 가지가 많이 갈라져서 퍼진다. 잎은 마주나며 긴 타원형이고 길이 2cm 정도이다. 가장자리가 밋밋하며 턱잎은 가시처럼 되어 있다. 꽃은 5∼6월에 흰색 또는 연한 붉은빛을 띤 자주색으로 피고 잎겨드랑이에 달린다. 화관은 깔때기 모양이고 끝이 5개로 갈라져서 퍼지며 안에 털이 난다. 수술은 화관통에 붙어 있는데, 암술보다 긴 것과 짧은 것의 2종류가 있다. 열매는 핵과로서 7월에 익는다. 번식은 꺾꽂이와 포기나누기로 한다. 중국 남부 원산이며 관상용으로 쓰고 울타리에 많이 심는다. 원예품종으로는 겹꽃·만첩꽃, 잎에 반점이 있는 것 등을 개발하였다. 옆에서 볼 때는 T자같이 보이므로 흰색 꽃이 피는 정화라는 이름이 생겼다. 중국 남쪽에서 인도차이나 반도까지 분포한다. "
14916,잎&꽃보기식물,일반형,50,50,"분홍색,흰색",봄,079001,"중간 광도(800~1,500 Lux),높은 광도(1,500~10,000 Lux)","거실 창측 ,발코니 내측 ,발코니 창측 ",,,,082002,057001,083002,053002,053002,053002,053003,"토양을 촉촉하게 유지함, 통풍이 잘 되는 곳이 좋다. 마삭줄 증에서 가장 잎과 꽃이 크며 향기도 강하다. 5-6월  개화하며 내건성은 강하나 내한성은 다소 약한 편이다."
14698,잎보기식물,"일반형,수경형",150,70,,,079003,"중간 광도(800~1,500 Lux),높은 광도(1,500~10,000 Lux)","거실 창측 ,발코니 내측 ,발코니 창측 ",없음,089001,090002,082002,057005,083002,053002,053002,053002,053003," 줄기는 가늘고 키는 3~4m 정도까지 자라며 잎의 폭은 1~2cm, 길이 30~60cm이며 장검과 같이 자라고 잎 가장자리는 적색, 안쪽은 유백색이다. 잎 전체가 붉은빛을 띠고 있는 고온다습을 좋아한다.  내음성도 강해서 오랫동안 실내에서 잘 견디며 실내 어느 곳에 놓아도 잘 조화를 이룬다."
14919,잎보기식물,일반형,150,100,,,079004,"중간 광도(800~1,500 Lux),높은 광도(1,500~10,000 Lux)","거실 내측 ,발코니 내측 ,발코니 창측 ",,,,082003,057005,083002,053003,053003,053003,053003,"환경에 빨리 적응하지 못하므로 갑자기 햇빛으로 내 놓거나, 햇빛에 있다가 실내로 옮기게 되면 잎을 많이 떨구면서 힘든 기간을 보내기 때문에 서서히 적응기간을 주면서 옮기는 것이 좋다. 상록 교목, 실내 대형 화분, 줄기가 유연하여 자유롭게 구부릴 수 있다."
19449,잎보기식물,건조형,25,20,,,079004,"낮은 광도(300~800 Lux),중간 광도(800~1,500 Lux),높은 광도(1,500~10,000 Lux)","실내 어두운 곳 ,거실 내측 ,거실 창측 ,발코니 내측 ,발코니 창측 ",,089001,090003,082003,057005,083002,053003,053003,053003,053004," 연중 빛이 좋은 반그늘에서 잘 자란다. 그러나 여름철에 너무 강한 직사광선은 피하는 것이 좋다. 겨울에 냉해를 입으면 아래쪽이 허물거리면서 썩어버리는데, 마치 관수를 너무 많이 하여 나타나는 현상처럼 보인다. "
13335,잎보기식물,일반형,30,30,,,079004,"중간 광도(800~1,500 Lux),높은 광도(1,500~10,000 Lux)","거실 내측 ,거실 창측 ,발코니 내측 ,발코니 창측 ",,089002,090003,082002,057005,083003,053002,053002,053002,053003,매일 분무해서 공기 중의 습도를 높여 준다.  수분이 부족하게 되면 바로 잎끝이 상한다. 한번 말리면 회복이 힘들다. 더피고사리는 습한 것을 좋아하는 양치류로 늘 신선한 물로 산소가 필요하므로 생장기에는 물이 부족하지 않도록 관리해야 한다. 수분이 부족하게 되면 바로 잎끝이 상한다. 한번 말리면 회복이 힘들다. 여름철 청량감을 주는 외형으로 그린인테리어로 많이 활용되며 추위에 비교적 잘 견디는 식물이다.
14676,잎보기식물,"일반형,수경형",150,50,,,079003,"낮은 광도(300~800 Lux),중간 광도(800~1,500 Lux),높은 광도(1,500~10,000 Lux)","거실 내측 ,거실 창측 ,발코니 내측 ,발코니 창측 ",없음,089001,090002,082002,057002,083002,053003,053003,053003,053004,"-물주기: 겨울철에는 차가운물을 사용하면 잎이 황변할 수 있으므로 하루쯤 받아둔 물을 사용 -난방으로 실내가 건조할 경우 분무로 습도 높어줌 / 흙의 상태,관리환경에 따라 분흙이 마르는 듯하면 충분이 줌. (물이 부족하면 잎무늬에 기미가 끼게 되고 건조하면 응애가 발생함)  -병충해: 불소 화합물 독성 때문에 잎끝이 갈변되고 살충제로 인해 잎가장자리가 타기도 함. 응애, 깍지벌레 등, 과습이 심할 경우 부패, 시들, 잎반점 등 나타남. 높이는 2-3m, 직립으로 자라며 잎은 길고 피침형으로 길이는 10-22cm, 폭 1.5-2cm의 황색바탕에 녹색의 외곽무늬가 들어 있으며 내음성이 강하다. 실내의 가장 밝은 장소에서 잘 자라는 편이며, 너무 어두운 그늘에 두고 키우면 광량 부족과 화분 흙이 과습한 경우 줄기가 가늘게 웃자라는 것은 물론 잎들이 떨어지며 줄기와 뿌리가 썩는 경우가 있다. 줄기를 잘라 삽목 하거나 어린 개체를 나누거나, 취목으로도 번식 할 수 있다. 잎끝 색이 바뀌거나 말라 들어가는 경우가 있으므로 2년에 한번 정도 청결한 흙으로 분갈이하는 것이 좋다. 줄기와 잎이 부드러운 느낌을 주어 실내 분화로 인기가 많다."
13336,"잎보기식물,선인장다육식물",건조형,100,40,,,079004,"높은 광도(1,500~10,000 Lux)","거실 창측 ,발코니 내측 ,발코니 창측 ",없음,089001,090003,082003,057005,083001,053003,053003,053003,053004,"적절한 환기가 필요함, 여름동안 햇볕이 잘드는 위치에 배치하는 것이 좋음. 덕구리란(德久利蘭,nolina recurvata) 도꾸리란 (Beaucarnea recurvata) 줄기 밑동에 물을 많이 저장하여 술병처럼 부푼 모양으로 비대한 줄기에 수분을 저장하고 있어 과습한 경우에 줄기가 물러질 수 있다. 덕리(德利:돗쿠리)는 입구가 좁고 긴 술병(일본어) 모습을 하고 있어 붙여진 이름으로 덕구리난은 실내가 실내가 고온건조하고 햇빛이 잘 드는 곳에서 자란다. 반음지에서도 자라긴 하나 너무 음지에서 자라면 웃자라서 모양이 망가지니 햇빛을 충분히 받도록 해야 한다. 덕구리난은 봄부터 가을 사이에는 화분의 흙 표면이 마르면 물을 충분히 주고, 더운 시기에는 잎에 물을 주고 추운시기에는 흙을 좀더 건조하게 관리한다. 5~10월에 완효성비료를 2개월에 한번 주고, 습기가 많으면 깍지벌레가 발생하기 쉬우니 주의한다."
18602,잎보기식물,일반형,50,40,,,079004,"중간 광도(800~1,500 Lux),높은 광도(1,500~10,000 Lux)","거실 창측 ,발코니 내측 ,발코니 창측 ",,,090002,082002,057002,083002,053003,053003,053003,053004,"- 시비관리: 수용성비료는 2주마다 지침에 따라 사용하며, 완효성비료는 성장하는 계절에 따라 신중하게 한번만 토양에 줌. 겨울동안(10월하순~2월하순)에는 시비하지 않음. - 분흙의 물빠짐이 좋아야 한다. 온도가 너무 높지 않도록 주의함, 팻츠헤데라의 반입종으로 팻츠헤데라에 비해서 추위에 약하다. 벤젠 제거에 효과적인 에코플랜트이다. 키는 30-40cm 키가 작은 실내분화식물로 줄기는 곧게 자란다."
19448,잎보기식물,건조형,70,30,,,079003,"낮은 광도(300~800 Lux),중간 광도(800~1,500 Lux),높은 광도(1,500~10,000 Lux)","실내 어두운 곳 ,거실 내측 ,거실 창측 ,발코니 내측 ,발코니 창측 ",,089001,090001,082003,057005,083002,053003,053003,053003,053004," 산세베리아는 이탈리아 산 세베로의 왕자 라이문도 디 산그로(Raimondo di Sangro, 1710~1771)를 기리기 위해 붙인 이름이다. 공기정화식물로 인기 있는 산세베리아는 대표적인 CAM식물이다. 그러나 개나 고양이와 같은 애완동물이 섭취했을 경우는 구토나 설사를 일으킬 수 있으므로 조심해야 한다.  이 식물의 영어 이름이 ‘시어머니의 혀’인 것은 꼿꼿하게 자라면서 가죽처럼 잎이 질기기 때문에 붙여진 이름이다.  실내에서 꽃 피기는 상당히 어렵지만, 환경이 좋으면 흰빛에 가까운 옅은 그린색의 작은 꽃들이 핀다. 품종은 여러 종류가 있지만 가장자리에 노란 테두리가 있는 종이 가장 보편적으로 이용되고 있다.  과습하지 않더라도 실내 온도가 10℃ 이하인 경우 썩는 원인이 된다. 특히 삽목 후 온도 관리에 주의해야 한다. "
16138,잎보기식물,일반형,40,40,,,079004,"중간 광도(800~1,500 Lux),높은 광도(1,500~10,000 Lux)","거실 내측 ,거실 창측 ,발코니 내측 ",,,,082002,057002,083003,053002,053002,053002,053003," 잎은 우상복엽으로 1-3쌍이고 증산효과가 뛰어나다."
15828,잎보기식물,일반형,150,100,,,079004,"낮은 광도(300~800 Lux),중간 광도(800~1,500 Lux),높은 광도(1,500~10,000 Lux)","거실 내측 ,거실 창측 ,발코니 내측 ,발코니 창측 ",,,,082003,057005,083002,053003,053003,053003,053003," "
18695,잎보기식물,"일반형,수경형",40,40,,,079003,"낮은 광도(300~800 Lux),중간 광도(800~1,500 Lux),높은 광도(1,500~10,000 Lux)","거실 창측 ,발코니 내측 ,발코니 창측 ",N/A,,,082003,057004,083002,053003,053003,053003,053004," "
15831,잎보기식물,일반형,150,100,,,079004,"중간 광도(800~1,500 Lux),높은 광도(1,500~10,000 Lux)","거실 창측 ,발코니 내측 ,발코니 창측 ",Parts of plant are poisonous if ingestedHandling,,,082003,057005,083002,053003,053003,053003,053003," "
19451,"잎&꽃보기식물,열매보기식물",일반형,30,30,흰색,"봄,여름",079003,"낮은 광도(300~800 Lux),중간 광도(800~1,500 Lux),높은 광도(1,500~10,000 Lux)","거실 내측 ,거실 창측 ,발코니 내측 ",,089001,090001,082002,057002,083002,053003,053003,053003,053004,"-추위에 약해 중부이북에서는 바깥에서 월동이 어렵다.  -반 그늘진 곳을 좋아하며 어느 정도 습기유지가 중요하다.  -씨앗을 12-4월에 따서 과육을 제거하고 뿌리거나 봄 또는 여름에 줄기를 삽목하면 잘 번식한다. 자금우, 백량금과 함께 자금우과에 속하며 빨간 열매가 인상적인 덩굴식물이다. 잎에 무늬가 있는 산호수도 있지만 무늬종은 일반종에 비해 열매가 잘 열리지 않는 특징이 있다. 꽃, 열매, 잎 모두 다 관상가치가 있으며  키우기 쉬운 관엽 식물이다.  산호 중에서도 가장 비싼 것이 적색 산호인데, 산호수의 열매가 적색산호의 빛깔과 닮아있어 산호수라는 이름이 붙었다고 한다.  "
18655,잎&꽃보기식물,일반형,60,30,"보라색,분홍색,흰색","봄,여름",079004,"중간 광도(800~1,500 Lux),높은 광도(1,500~10,000 Lux)","거실 창측 ,발코니 내측 ,발코니 창측 ",,089001,090001,082003,057005,083002,053002,053002,053002,053003," 약 250종이 자생한다. 주로 착생종이고 대형의 지생종인 것도 있다. 엽수가 많으며 활모양으로 뻗고 가죽질인 것이 많다.  잎 가장자리에는 가시가 없다.  꽃은 수상화서로 2열로 편평하게 붙는 것이 많다. 포는 단단한 다육질이고 적색, 녹색, 황색이며, 꽃은 주로 황, 백, 녹색이다.  아나나스류 중에서 에크메아속과 더불어 재배상 중요한 위치를 차지한다. "
18613,잎&꽃보기식물,일반형,150,100,"분홍색,빨강색,노랑색,흰색","봄,여름,가을",079003,"중간 광도(800~1,500 Lux),높은 광도(1,500~10,000 Lux)","거실 창측 ,발코니 내측 ,발코니 창측 ",,089001,090001,082003,057005,083002,053002,053002,053002,053002," 덩굴성 관목으로 남아메리카 원산이다. 13종 내외가 알려져 있고 그 중에서 2종이 주로 재배된다. 부겐빌레아(B. glabra)는 브라질 원산으로서 높이 4∼5m 자라고 곧은 가시가 있다. 잎은 어긋나고 달걀 모양이며 가장자리가 밋밋하고 광택이 있으며 털이 없다. 꽃은 4월에서 11월까지 연중 피고 총상꽃차례를 이루며 3개의 포에 싸인다. 꽃색은 흰색, 빨강색, 분홍색, 노란색 등 다양하다. 포는 꽃처럼 보이며 그 안에 들어 있는 진짜 꽃은 작고 눈에 잘 띄지 않는다. 털부겐빌레아(B. spectabilis)는 이와 비슷하지만 잎에 털이 많다. 많은 품종이 있으며 한국에서는 온실에서 재배한다. "
14687,잎보기식물,"일반형,수경형",150,70,,,079003,"중간 광도(800~1,500 Lux),높은 광도(1,500~10,000 Lux)","거실 내측 ,거실 창측 ,발코니 내측 ,발코니 창측 ",애완동물에게 해로울 수 있음.,089001,090002,082002,057005,083002,053003,053003,053003,053004,"-물주기: 균일하게 촉촉함 유지, 빗물사용시 산성화 주의, 따뜻한물 사용 드라세나 와네키는 생육속도가 느린 편 이지만 누구나 쉽게 키울 수 있는 공기정화 식물이다. 가정에서 키우면 키가 보통 1m 안팎으로 자라지만 환경이 좋은 곳에서는 3m까지도 자란다. (잎의 길이: 20~50cm 폭 2~5cm정도 된다.) 물은 보통이며 약간 건조한 환경에서도 스프레이로 분무하면 잘 자란다. (물을 과하게 줄 경우 잎 끝이 갈색으로 변하기도 하고 물이 너무 부족하면 병약한 잎이 나오기도 한다.) 분갈이 시 화원에서 판매하는 배수성이 좋은 화분용 배합토에 모래나 마사토를 20~30% 섞어서 하면 된다. 반그늘을 좋아하며 여름철에는 다습한 환경을 좋아한다. (주기적으로 화분 위치를 바꿔 골고루 햇빛을 받을 수 있도록 한다.) 벤젠 제거에 효과적인 에코플랜트이다."
18697,잎보기식물,"일반형,수경형",40,40,흰색,,079003,"낮은 광도(300~800 Lux),중간 광도(800~1,500 Lux),높은 광도(1,500~10,000 Lux)","거실 창측 ,발코니 내측 ,발코니 창측 ",Unknown,,,082003,057003,083001,053003,053003,053003,053004," Uses:  Container, Ground cover  Soil Type:  A GOOD general purpose potting soil (a soil that retains water yet drains well) will suffice. Check purchased soil to see that it is well aerated and add sand or perlite and peat moss if it seems to pack too tightly. Give the plants a chance to settle in before going back to whatever fertilization program has been successful for you. If you want to mix your own take: 1 part garden soil, 1 part coarse sand or perlite, 1 part moist peat or humus (leaf mold) and a light dusting of lime. Always use a pot with a hole.  Growth Rate:  Average   Growing Ease:  Will grow for anybody"
15835,잎&꽃보기식물,일반형,100,50,"분홍색,빨강색,노랑색,흰색","봄,여름",079004,"높은 광도(1,500~10,000 Lux)","거실 창측 ,발코니 내측 ,발코니 창측 ",,089002,090002,082003,057003,083002,053003,053003,053003,053004," 꽃처럼 보이는 붉은 솔은 가느다란 수술이 모여 방망이를 이룬 것이다. 상록 소교목으로 지름 10cm 키 8m정도 자라며 호주, 파푸아뉴기니아 지역이 원산이다.  병솔나무속에는 30여종이 있으며 대부분 원예종으로 재배되고 있다.  줄기는 회색으로 어릴 때는 갈색으로 매끄럽다가 나이가 들면 세로로 갈라진다. 긴 가지는 버들처럼 늘어지며 잎 모양도 버들과 비슷하나 오래된 잎은 딱딱하며 잎은 폭 1cm, 길이 6~8cm 정도이며 톱니가 없고 잎의 앞, 뒷면이 유사하다.  5~8월에 피는 꽃은 병을 닦는 솔처럼 피며 가느다란 수술이 모여 지름 5~6cm, 길이 15cm전후의 진한 붉은 색의 꽃방망이를 만든다. 꽃모양을 따서 나무이름이 Bottlebrush 또는 bottle brush tree이며 우리말도 '병솔나무'이다. 꽃이 진 자리에는 콩알크기의 열매가 달린다. 호주지역에서 잎을 향신료로 사용 한다. "
14690,잎보기식물,"일반형,수경형",150,50,,,079003,"낮은 광도(300~800 Lux),중간 광도(800~1,500 Lux),높은 광도(1,500~10,000 Lux)","거실 내측 ,거실 창측 ,발코니 내측 ,발코니 창측 ",애완동물에게 해로울 수 있음,089001,090002,082002,057005,083002,053002,053002,053002,053004,"-비료: 오래된 나무인 경우는 봄과 여름동안 비료 시비량을 증가한다. 열대 원산종의 원예 변종으로 대형종이다. 잎은 길이가 약 50~90cm, 폭은 5cm 내외이다. 잎의 폭은 넓고 끝이 뾰족하며 늘어지는데 마치 옥수수 잎을 연상시킨다.  실내에서는 3m까지 생장하는데, 줄기 윗부분을 20cm 정도 잘라주면 새로운 싹이 나와 자라고, 원기회복에 큰 도움이 된다. 사무실이나 실내 장식이 많은 매장, 거실에 두면 보기에도 좋고 실내의 답답함을 없애, 공간을 시원하게 연출할 수 있다. 반그늘에서 잘 자라고 추위에도 강하다. "
18652,잎&꽃보기식물,일반형,150,100,"보라색,분홍색,흰색","봄,여름",079001,"중간 광도(800~1,500 Lux),높은 광도(1,500~10,000 Lux)","거실 창측 ,발코니 내측 ,발코니 창측 ",,089001,090001,082003,057004,083002,053003,053003,053003,053004," 실내에서 아기자기한 여러 가지 색의 꽃들이 은은한 향기를 뿜어내는 사랑스러운 나무이다.  처음 꽃이 필 때는 진보라색이지만 차츰 연보라색으로 변하여 최종에는 흰색으로 바뀐다.  햇빛과 통풍이 필요하며 물을 너무 자주 주면 잎이 마르듯이 우수수 떨어진다.  브룬펠시아의 개화습성은 새로운 가지에서 다시 꽃이 맺히므로 꽃이 진 가지를 전정해 주면 더 많은 꽃을 볼 수 있다. 향이 짙으므로 밀폐된 공간에서 너무 오래 향기를 맡지 말고 환기를 시켜준다.  원래는 아메리카 원산의 상록 관목이며 30여 종이 알려져 있다.  미국브룬펠시아(lady-of-the night : B. americana)는 서인도 원산이고 높이 2.4m에 달한다.  잎은 넓은 달걀 모양에서 달걀을 거꾸로 세운 듯한 모양이며 길이 10cm이다. 꽃은 대개 1개씩 달리고 흰색이지만 노란색으로 변하며 지름 5cm, 길이 10cm이고 밤에 향기가 강하다. 꽃받침은 짧고 열매는 장과로서 지름 2cm 내외이며 노란색으로 익는다."
19452,잎보기식물,일반형,150,100,,,079004,"중간 광도(800~1,500 Lux),높은 광도(1,500~10,000 Lux)","거실 창측 ,발코니 내측 ,발코니 창측 ",,089001,090003,082003,057005,083002,053003,053003,053003,053004," 고무나무라는 이름은 고무와 유사한 라텍스를 함유하고 있는 두껍고 가죽처럼 느껴지는 잎에서 유래되었다. 크림색이 잎 가장자리에 들어가 있어 고급스럽고도 편안한 느낌의 실내 관엽 식물이다.  "
19455,꽃보기식물,일반형,30,30,"보라색,분홍색,노랑색,흰색,혼합색","봄,여름",079002,"중간 광도(800~1,500 Lux)","발코니 내측 ,발코니 창측 ",,089002,090003,082003,057003,083002,053003,053003,053003,053004,"  대부분의 서양난이 착생란인데 비하여 동양란은 지생란이 많다.   제주도나 일본의 숲 속에서도 자라며 높이 30~50cm, 뿌리줄기는 옆으로 뻗는다. 뿌리줄기의 모양이 새우를 닮아 새우란이라고 하며 뿌리는 강장제로도 사용된다. 꽃이 아름답고 재배가 쉬운 편이다. 봄에 꽃이 지고나면 화분 위에 깻묵 덩이를 2~3개 얹어 주거나 영양제를 주어 이듬해에도 꽃이 잘 필 수 있도록 한다. 새우란은 음지 식물이지만 실내에서 재배할 때는 밝은 곳에 둔어야 꽃이 잘 핀다. 화분흙은 물 빠짐이 좋은 마사토나 마사토와 밭흙을 8:2의 비율로 섞어 사용한다. "
16037,잎보기식물,일반형,40,40,,,,"중간 광도(800~1,500 Lux),높은 광도(1,500~10,000 Lux)","거실 내측 ,거실 창측 ,발코니 내측 ",,089001,090001,082002,057005,083003,053002,053002,053002,053003,"유기질이 풍부한 화분용 배합토에서 잘 자라고, 뿌리가 화분 가득히 뻗어있는 것이 이상적이다. 한여름의 직사광선은 피하고 습도유지가 되어야 잘 자란다. 풍성하고 아름다운 잎 때문에 빅토리아 시대부터 실내에 도입되어 사랑을 받아왔으며, 오늘날에도 여전히 인기가 높은 실내식물이다."
14696,잎보기식물,일반형,150,100,,,079003,"중간 광도(800~1,500 Lux),높은 광도(1,500~10,000 Lux)","거실 내측 ,거실 창측 ,발코니 내측 ,발코니 창측 ",,089002,090002,082002,057005,083002,053003,053003,053003,053004," 반음지성 식물이라서 통풍이 좋은 밝은 그늘에 두어야 하고 직사광선은 좋아하지 않습니다. 잎에 무늬가 없으며 공기정화식물이다. 공기정화식물은 증산작용이 활발한 식물로 주변의 공기와 수분이 식물 내로 흡수됨으로, 그 안에 포함된 유해 물질들이 뿌리 주변의 토양 속 미생물에 의해 분배된다. 또한, 증산작용도 활발해 증산에 의해 주변토양의 수분이 급속하게 식물체 내로 이동하고 뿌리 부근의 공기가 땅속으로 빨려 들어가면서 주변 공기의 이동이 일어납니다. 환경이 비교적 좋지 않은 장소에서도 잘 자라기 때문에 크게 자라면, 가늘지만 튼튼한 목대위에 푸른 잎이 풍성하게 자라서 멋진 수형을 감상할 수 있다."
19460,잎보기식물,"일반형,건조형",25,30,흰색,,079003,"중간 광도(800~1,500 Lux),높은 광도(1,500~10,000 Lux)","거실 창측 ,발코니 내측 ,발코니 창측 ",,089001,090001,082003,057005,083001,053003,053003,053003,053003,"육질이 많아 잘 부러짐, 서늘한 곳을 좋아한다.  녹영이 둥근 구슬을 꿴 모양이라면, 세네시오 라디칸스는 작은 녹색 바나나를 줄에 꿰어놓은 형상의 다육식물이다. 다육질의 다년초로 잎은 호생하며 짧은 엽병이 있다. 잎의 길이는 2-3cm 정도로 선단이 위로 향하며 초생달 모양으로 바깥쪽에 암녹색의 세로줄 무늬가 있다. 꽃은 흰색으로 향기가 나며 잎은 약용으로 쓰인다.  낮은 온도에서도 잘 견디는 편이나 계속적인 생장을 위해서는 야간 온도를 13℃이상은 유지해야 한다. 행잉바스켓용으로 좋다.  "
14691,잎보기식물,"일반형,수경형",100,50,,,079003,"낮은 광도(300~800 Lux),중간 광도(800~1,500 Lux),높은 광도(1,500~10,000 Lux)","실내 어두운 곳 ,거실 내측 ,거실 창측 ,발코니 내측 ,발코니 창측 ",애완동물에 독성,089001,090003,082003,057005,083002,053002,053002,053002,053004,-물주기: 겨울철에 찬수돗물은 잎을 노랗게 변하므로 하루쯤 받아 둔 물을 줌. -기타 : 실내 건조시 잎에 분무해주면 잎도 싱싱해지고 병충해 피해도 줄일 수 있음. 
16245,잎보기식물,"일반형,건조형",100,100,,,079004,"중간 광도(800~1,500 Lux),높은 광도(1,500~10,000 Lux)","거실 창측 ,발코니 내측 ,발코니 창측 ",열매식용하면 안됨,089001,090001,082003,057004,083002,053003,053003,053003,053004,"- 강한 빛과 그늘 모두 잘 적응하여 성장하는 식물임. 소철은 열대 및 아열대 아메리카에 약 40종이 분포한다.  잎은 1년에 한번씩 새로 자라나며, 줄기의 끝이 굵은 것 일수도록 많이 나오고, 새로 나온 잎이 완전히 굳어질 때까지 먼저 잎을 자르지 않는 것이 좋다. 잎은 골판지처럼 딱딱해서 이국적인 모습을 연출할때 이용한다. 줄기는 괴경상으로 높이는 15cm, 엽장은 120cm까지 있고 소엽은 딱딱하고 4~22 개가 마주난다. 잎은 반 광택이 있는 황록색으로 마치 소철잎과 같이 붙어 있으나 엽육이 두텁고 잎이 크며 주로 관엽식물로 재배되고 있으며, 깃털모양의 우상엽(깃털잎)이다. 줄기와 잎은 갈색의 뽀얀 털 내지는 가루 같은 것으로 덮여있다."
19453,잎보기식물,일반형,25,30,,,079004,"낮은 광도(300~800 Lux),중간 광도(800~1,500 Lux),높은 광도(1,500~10,000 Lux)","실내 어두운 곳 ,거실 내측 ,거실 창측 ,발코니 내측 ,발코니 창측 ",,089001,090001,082002,057002,083003,053002,053002,053002,053003," 너무 습기가 많으면 민달팽이의 피해와 곰팡이병이 생기지만 너무 건조할 때는 깍지벌레, 온실가루이, 가루깍지벌레 등이 발생한다. 그러나 거미발만 살아있다면 언제든지 새 순을 낼 수 있다."
18593,잎보기식물,일반형,150,80,,,079004,"중간 광도(800~1,500 Lux),높은 광도(1,500~10,000 Lux)","거실 창측 ,발코니 내측 ,발코니 창측 ",,089001,090002,082003,057005,083002,053003,053003,053003,053004,"- 건조한 환경에서 잘 견디며, 밝은 그늘과 반 그늘에서도 무난하게 자란다.  - 늦은 봄부터 햇빛을 잘 받도록 하며, 한여름의 강한 직사광에는 차광을 하거나 밝은 그늘에서 관리한다. - 햇빛과 통풍이 중요하다. - 과습에 주의(과습되면 잎의 색깔이 암록색을 띄며 떨어지게 되며, 여름철 너무 건조하게 관리해도 잎이 주름지거나 오그라들면서 떨어짐) - 물주기: 불규칙적으로 하면 잎의 모양이 고르지 않게 자랄 수도 있다. "
14913,잎보기식물,건조형,5,30,,,079004,"중간 광도(800~1,500 Lux),높은 광도(1,500~10,000 Lux)","거실 창측 ,발코니 내측 ,발코니 창측 ",없음,089002,090002,082002,057004,083001,053004,053004,053004,053004,"- 번식 후 어느정도 성장할때까지 습윤한 토양과 안개에 주의함 - 환기: 규칙적인 환기가 필요.  - 물관리: 과습과 과한 물주기는 피해야 함. 빗물을 주면 토양이 산성화 될 수도 있음. 따뜻한 물을 사용하세요. - 행잉 바구니에 적합한 식물. 온도가 적당하여 정상적인 성장이 지속한다면 그에 맞춰 비료도 자주 주어야 길게 늘어지며 자란다.  폭포처럼 아래쪽으로 길게 늘어지는 특성이 있어 거실이나 베란다에 걸어두면 보기 좋다. 줄기는 1~3m까지 자라며, 잎 앞면에 회백색 그물 무늬가 있고 뒷면은 적자색이다. 다른 덩굴식물과는 달리 땅속줄기에 덩이뿌리(물 저장뿌리)가 있어 다습한 환경을 싫어하고, 건조에 강하다. 여름철에 1~2cm 분홍색 깔때기 모양으로 생긴 독특한 통꽃이 피고 꽃이 피는 기간은 긴 편이다. 번식은 줄기 삽목을 주로 이용하는데, 덩굴을 두세 마디씩 잘라서 땅에 꽂거나 덩굴에 생기는 작은 덩이를 묻어두면 싹이 난다.  - 환기: 규칙적인 환기가 필요.  - 물관리: 과습과 과한 물주기는 피해야 함. 빗물을 주면 토양이 산성화 될 수도 있음. 따뜻한 물을 사용하세요. - 행잉 바구니에 적합한 식물."
14920,잎&꽃보기식물,일반형,40,40,"분홍색,흰색","봄,여름",079004,"중간 광도(800~1,500 Lux),높은 광도(1,500~10,000 Lux)","거실 창측 ,발코니 내측 ,발코니 창측 ",없음,089002,090002,082002,057005,083002,053003,053003,053003,053004,"- 물주기: 차가운 물로 관수하지 않는다. ] - 식물을 물 속에 침수하지 않는다. - 벤치 아래, 시원하고 습한 그늘에 가장 이상적인 성장을 한다. - 행잉 바스켓에 잘 어울린다.   베고니아의 관상부위는 세 가지(꽃, 잎, 반관목성)로 구분하는데, 렉스베고니아는 잎 무늬를 관상하는 식물이다. 잎이 두텁고 얼룩무늬도 있으며 달팽이처럼 말린 것도 있고 종류가 매우 다양하다. 줄기의 온몸에 거친 털이 나 있다. 잎은 대형 달걀 모양으로 길이는 30cm, 폭은 20cm 정도이다. 잎 면에는 품종에 따라 보라색, 빨간색, 은백색, 구릿빛 등 다양한 무늬가 있다. 렉스베고니아는 잎꽂이로 번식이 쉽다. 벤치 아래, 시원하고 습한 그늘에서 가장 이상적인 성장을 한다. "
16038,잎보기식물,일반형,25,25,,,079004,"중간 광도(800~1,500 Lux),높은 광도(1,500~10,000 Lux)","거실 창측 ,발코니 내측 ,발코니 창측 ",,089001,090001,082002,057005,083002,053003,053003,053003,053003,"- 따뜻하고, 습한 지역에서 잘 성장함. - 온습도: 건조하고 추운 환경에서는 잎이 갈색으로 변하여 떨어지거나 잎이 틀어질 수 있음. - 물주기: 빗물을 사용하면 토양이 산성화 될 수 있으므로 주의, 온수사용 잎에 독특한 무늬와 잎이 말려드는 습성이 있어 인상적인 마란타 류코뉴라는 영어 이름 ‘prayer plant(기도하는 식물)’ 로, 해질 무렵이면 기도할 때 손을 모으듯 위로 접히는 잎의 모양에서 유래한다. 잎이 접히는 이유는 체내의 습도를 유지하기 위해 낮에는 옆으로 펴져 있다가 밤이 되면 위로 모이는 현상을 보인다. 초장과 초폭은 각각 30cm 정도이고, 따뜻하고, 습한 지역에서 잘 성장한다. 온도, 습도가 낮은 건조하고 추운 환경에서는 잎이 갈색으로 변하여 떨어지거나 잎이 틀어질 수 있으므로, 건조한 경우 일정한 습도 유지에 주의해야 한다."
18596,잎&꽃보기식물,일반형,100,50,"오렌지색,흰색,혼합색","봄,여름",079003,"중간 광도(800~1,500 Lux),높은 광도(1,500~10,000 Lux)","거실 창측 ,발코니 내측 ,발코니 창측 ",,089001,,082003,057005,083002,,,,," "
14692,잎보기식물,"일반형,수경형",50,30,,,079003,"낮은 광도(300~800 Lux),중간 광도(800~1,500 Lux),높은 광도(1,500~10,000 Lux)","실내 어두운 곳 ,거실 내측 ,거실 창측 ,발코니 내측 ",,089001,090002,082002,057005,083002,053002,053002,053002,053003," "
19457,잎보기식물,"일반형,수경형",40,30,,,079002,"중간 광도(800~1,500 Lux),높은 광도(1,500~10,000 Lux)","거실 창측 ,발코니 내측 ,발코니 창측 ",,089001,090003,082002,057001,083002,053002,053002,053002,053003," 냇가에서 자라는 다년초로서 근경은 옆으로 뻗으며 마디가 많고 밑부분에서 수염뿌리가 돋으며, 땅속에 들어간 근경은 마디사이가 길며 백색이지만 지상으로 나온 것은 마디사이가 짧고 녹색이다. 잎은 근경 끝에 총생하며 길이 30∼50cm. 나비2∼8mm로 전체가 대검 비슷한 선형 수상이며 화서는 6-7월에 화경 옆에 달리고 연한 황색 꽃이 화축면에서 밀생한다. 근경은 진통, 진정 및 건위제로 사용되며 목욕탕에서도 사용한다."
16238,잎&꽃보기식물,일반형,100,50,"노랑색,흰색",여름,079001,"중간 광도(800~1,500 Lux),높은 광도(1,500~10,000 Lux)","거실 창측 ,발코니 내측 ,발코니 창측 ",,089001,090002,082002,057001,083002,053003,053003,053003,053003,"- 물주기: 적당히 건조한 상태 유지, 빗물 사용 시 토양이 산성화 될 수있으므로 주의, 온수사용함 - 덩굴식물이 서로 얽히지 않도록 수시로 가지치기를 해주도록 함. 상록의 덩굴성 목본으로 흑갈색 줄기를 가지고 있다. 줄기는 길게 약 5m 정도 뻗으며, 줄기에서 뿌리를 내려 바위나 나무 등에 기어오른다. 꽃은 5~6월에 흰색으로 피고 지름은 2~3cm이며, 흰색에서 노란색으로 변하고 취산꽃차례를 이룬다. 타원형의 잎은 마주나며, 길이 2~5cm로 윤이 나고 두껍다. 열매는 원통형의 골돌과로 9월에 익으며 길이 12~22cm로 2개가 달린다. 잎과 줄기는 해열, 강장, 진통 및 생리통 등에 약용으로 쓰이기도 한다. 산지 숲 가장자리나 숲 속 습기가 있는 곳의 바위나, 큰 나무줄기에 칭칭 동여맨 듯 부착되어 있다."
18597,잎보기식물,"일반형,건조형",150,50,흰색,,079004,"중간 광도(800~1,500 Lux),높은 광도(1,500~10,000 Lux)","발코니 내측 ,발코니 창측 ",,089001,090002,082003,057003,083002,053003,053003,053003,053004,"- 곤충에 취약, 질병 없음 - 주간이 있는 나무로 진녹색 잎이 노레트 형태로 나온다.  - 잎은 가죽 질감에 가장자리가 거칠고, 줄기끝이 연하다."
15830,잎보기식물,일반형,30,30,,,079004,"중간 광도(800~1,500 Lux),높은 광도(1,500~10,000 Lux)","거실 창측 ,발코니 내측 ,발코니 창측 ",없음,089003,090002,082002,057002,083003,053002,053002,053002,053003," "
14695,잎보기식물,일반형,150,100,흰색,,079003,"낮은 광도(300~800 Lux),중간 광도(800~1,500 Lux),높은 광도(1,500~10,000 Lux)","거실 내측 ,거실 창측 ,발코니 내측 ,발코니 창측 ",,089002,090003,082002,057005,083001,053003,053003,053003,053004,"  60~90cm 정도 자라고 줄기는 작지만 강하고, 잎은 타원형으로 양 끝이 뾰족하다. 잎의 반점에 따라 플로리다 뷰티, 밀키웨이 등으로 나누어 지고, 긴 타원형 또는 달걀형으로 길이 10~13cm 정도로 어긋나고 각 마디마디 2~3개씩 달린다. 표면은 녹색으로 반들반들하고 불규칙한 흰 반점이 있다. 꽃은 흰색으로 얇은 꽃줄기와 함께 복산형 꽃차례로 작은 꽃이 둥글게 모여 피고 향기가 좋다. 한여름의 (8~9)월의 직사광선을 받는 곳은 피한다. 그 외의 계절에는 오전 햇빛을 조금 받게 하고 겨울에는 항상 햇빛을 받게 해주는 것이 좋다. "
18599,잎보기식물,"일반형,수경형",40,40,흰색,,079004,"중간 광도(800~1,500 Lux),높은 광도(1,500~10,000 Lux)","거실 창측 ,발코니 내측 ,발코니 창측 ",,089001,090002,082003,057005,083002,053003,053003,053003,053004," "
16239,"잎보기식물,열매보기식물",일반형,40,40,"노랑색,흰색","봄,여름",079003,"낮은 광도(300~800 Lux),중간 광도(800~1,500 Lux),높은 광도(1,500~10,000 Lux)","실내 어두운 곳 ,거실 내측 ,거실 창측 ,발코니 내측 ,발코니 창측 ",,089001,090002,082003,057001,083002,053003,053003,053003,053004,"- 여름관리: 오전 햇빛은 잠시 받는 정도가 좋으며, 오후 햇빛은 도움이 되지 않음. 통풍은 신선한 바람이 잘 통하게 하여야 습기가 건조해지면서 뿌리와 새순이 잘 나옴.  - 겨울부터 초봄까지 부는 바람은 무늬와 모양, 색깔을 변하므로 피함. - 물주기: 분흙이 마르는 듯하면 주며, 표면이 까실까실한 정도가 좋음.  내한성 상록 다년초로 굵은 땅속줄기 끝에서 9~12장의 녹색 잎이 모여난다. 높이 30~50cm이다. 잎의 길이는 30~40cm, 너비 3~5cm이고, 넓은 바소꼴이며 육질이고 윤기가 있다. 꽃은 5~7월에 연한 노란색이나 흰색으로 피고 잎 사이에서 자란 길이 2~4cm의 수상꽃차례에 빽빽이 달린다. 열매는 장과이고 둥글며 지름 1cm 정도로 8월에 붉게 익으며 간혹 황색도 있다. 잎은 1년에 보통 3-4장 나오는데 잎의 수명은 길면 3-4년정도이다. 가능한 자르지 말고 그대로 둔다.근경에는 로데인(Rohdein)이 들어 있어 강심제와 이뇨제로 악용된다. 잎에 여러 가지 색채가 든 무늬 종이 많이 나와 주로 관상용으로 이용되었다. "
16034,잎보기식물,일반형,70,50,,,079004,"중간 광도(800~1,500 Lux),높은 광도(1,500~10,000 Lux)","거실 창측 ,발코니 내측 ,발코니 창측 ",,089001,090002,082002,057002,083002,053003,053003,053003,053004,"- 매우 건조하고 그늘진 토양에서 가장 널리 번식, 성장함. "
14699,잎보기식물,일반형,100,50,,,079003,"중간 광도(800~1,500 Lux),높은 광도(1,500~10,000 Lux)","거실 내측 ,거실 창측 ,발코니 내측 ,발코니 창측 ",,089002,090001,082002,057005,083002,053003,053003,053003,053004," 세계적으로 15종이 자생하고 있다. 줄기는 강직하고, 잎은 좁고 길며 결각이 심하고 긴 잎자루가 있다. 줄기는 곧게 자라며, 높이는 9~12m까지 자란다. 잎자루는 길며, 잎은 가늘고 기다란 손가락 모양이고, 7~9개가 부챗살처럼 펼쳐 다린다. 잎색은 짙고 어두운 녹색이며 잎맥은 적갈색을 띤다. 가장자리는 굵고 깊게 팬 톱니 모양이다. 수분 변화가 심할 때 늙은 잎에서 불그스레한 타원형의 작은 반점으로 나타나는 부종 증상이 생길 수 있다. 이것은 생리적 장해이므로 수분 변화가 심하지 않게 주의해서 관리하면 예방할 수 있다. 디지고데카는 뿌리가 왕성하게 뻗지 못하기 때문에 할 수 있는 한 최대로 뿌리를 건강하게 관리하는 것이 필수적이다. 응애가 생기지 않도록 정기적으로 살펴보아야 한다."
18600,잎&꽃보기식물,일반형,40,40,노랑색,"여름,가을",079004,"중간 광도(800~1,500 Lux),높은 광도(1,500~10,000 Lux)","거실 창측 ,발코니 내측 ,발코니 창측 ",,089001,090002,082002,057002,083002,053003,053003,053003,053003," "
16241,잎&꽃보기식물,일반형,100,50,"분홍색,빨강색,노랑색,흰색","봄,여름,가을",079004,"중간 광도(800~1,500 Lux),높은 광도(1,500~10,000 Lux)","거실 창측 ,발코니 내측 ,발코니 창측 ",강함 (식용하면 안됨),089002,090002,082002,057005,083002,053003,053003,053003,053004," 브라질 자스민, 동백 자스민이란 이름처럼 꽃이 화려하고 은은한 향기를 지닌 매력적인 덩굴식물로 약간 건조하게 관리한다."
17749,잎보기식물,일반형,150,50,,,079004,"중간 광도(800~1,500 Lux),높은 광도(1,500~10,000 Lux)","거실 내측 ,거실 창측 ,발코니 내측 ,발코니 창측 ",,089002,090002,082002,057004,083002,053003,053003,053003,053004,"  높이는 1~2m 이른다. 처음에는 줄기가 1개 이지만 자라면서 땅속줄기에서 싹이 뭉쳐난다. 잎은 손바닥 모양 겹잎으로 5~7갈래로 갈라지고, 갈라진 조각의 길이 5~10cm, 넓이 2~3cm, 잎자루 20~25cm이다. 무늬관음죽은 반그늘상태에서 관리하는 것이 생육이나 무늬의 발현에 적당하다. 그늘과 추위, 병해충에 강하며, 자라는 속도가 느려서 관리가 편하다. 잎은 젖은 물수건으로 닦아주는 것이 좋다. 수액이 인체의 피부나 점막을 자극할 수 있음, 관음죽을 지하수나 수경재배로 기르는 경우에는 수돗물 속의 염분이나 미네랄이 잎 끝에 축적되어 갈색으로 변할 수도 있는데 이런 현상이 나타날 때에는 갈색으로 변한 부분만 가위로 잘라내면 염분도 제거할 수 있고 특유의 톱니모양의 녹색 잎을 유지시킬 수 있다. 공기정화능력은 포름알데히드, 벤젠, 톨루엔, 크실렌, 클로로포름을 제거한다."
14700,잎보기식물,일반형,50,30,,,079004,"중간 광도(800~1,500 Lux),높은 광도(1,500~10,000 Lux)","거실 창측 ,발코니 내측 ,발코니 창측 ",있음 (수액이 피부 자극을 일으킬 수 있음),089002,090003,082003,057005,083002,053003,053003,053003,053004,"고온 다습을 좋아하므로 공중습도를 높게 유지한다. 부드러운 연녹색 잎의 중앙에 선명한 흰색 무늬가 있는 소형종이다. 잎 모양, 색깔, 크기 등에 따른 다양한 품종이 있다. 밝은 반그늘이 적합하고, 5~9월의 생장기에는 실외에서 키울 수 있다. 빛이 적고 따뜻한 실내에서 잘 자라고, 추위에 매우 약한 식물이기 때문에 찬바람에 노출되지 않게 주의하고, 분갈이는 따뜻한 봄에 하는 것이 좋다. 녹색 바탕 잎 중앙부분에 황백색의 무늬가 있어 부드러운 느낌을 자아낸다. 수액이 피부에 닿으면 알레르기, 가려움증이 생길 수 있으므로 주의한다."
14697,잎보기식물,일반형,100,50,,,079003,"낮은 광도(300~800 Lux),중간 광도(800~1,500 Lux),높은 광도(1,500~10,000 Lux)","실내 어두운 곳 ,거실 내측 ,거실 창측 ,발코니 내측 ,발코니 창측 ",애완동물에게 해로울 수 있음,089001,090002,082002,057005,083002,053002,053002,053002,053004," 집안에서 키우기 아주 좋은 식물이며, 여름철에는 직사광선을 반드시 피해야 하고, 전체적으로 옥수수자루 같은 넓은 잎들이 방사형으로 무성하게 달리고 기왓장을 쌓듯 층층으로 성장한다.  수분은 약간 축축해도 상관없지만 과습할 경우 잎이 가늘고 거칠어진다. 잎은 짙은 암녹색이고 광택이 나며 줄기에서 나선형으로 촘촘하게 돌려 나온다. 밭흙, 부엽, 모래를 3:5:2의 비율로 혼합하고, 4~9월에 월 1회 복합비료를 준다. 고온다습한 장마철 겨울은 물주기를 줄인다. 건조한 것을 싫어하는 식물이기 때문에 겨울에 건조해지면 분무기로 한 번씩 뿌려 주는 것이 좋다. 공기정화능력으로 뛰어나다.(포름알데히드, 벤젠, 톨루엔 등 제거)"
16246,잎보기식물,일반형,150,70,,,079004,"중간 광도(800~1,500 Lux),높은 광도(1,500~10,000 Lux)","거실 창측 ,발코니 내측 ,발코니 창측 ",,089002,090002,082003,057005,083002,053003,053003,053003,053003,"- 물관리: 차가운 물로 관수하지 않는다. - 더운 여름에는 물 젖은 천으로 잎을 닦아준다. 야생에서는 커다란 교목으로 자라는 고무나무로 잎 모양은 크고 넓은 둥근 타원형으로 엽육이 두껍고 생육이 왕성하고, 음이온과 산소발생량이 많은 식물이다. 형태로 새로 나오는 잎은 색이 붉은빛이나 차츰 성장하며 짙은 녹색으로 바뀌는 아름다운 품종입니다. 라텍스를 포함하고 있는 가죽질감의 짙은 녹색을 띤 뚜꺼운 잎을 가지고 있으며, 이면의 주맥과 잎대는 적갈색이고, 2,5m까지 자란다. 작은 그릇에 꽃 2~3송이와 잎 1장으로도 아름다움을 살릴수 있는 식물이다. 세계적으로 약 800~2000종이 분포되어 있다."
17750,잎보기식물,"일반형,수경형",30,30,"노랑색,흰색",,079001,"중간 광도(800~1,500 Lux),높은 광도(1,500~10,000 Lux)","거실 창측 ,발코니 내측 ,발코니 창측 ",,089001,090002,082002,057002,083002,053002,053002,053002,053003,"- 물주기: 적당히 건조한 상태 유지, 빗물 사용 시 토양이 산성화 될 수있으므로 주의, 온수사용함  - 동결 날씨에 견디지 못함. - 덩굴식물이 서로 얽히지 않도록 수시로 가지치기를 해주도록 함. 줄기는 8m 정도까지 자라고, 잎은 마주나고 타원형 또는 달걀 모양이며 표면은 짙은 녹색이고 윤기가 있으며, 뒷면은 털이 있거나 없고 가장자리는 밋밋하다. 길이 2~5cm 정도로 둥글고 가장자리에는 톱니가 없다. 꽃잎은 5개로 깊게 갈라져서 5~6월에 개화시기로 줄기에서 뿌리가 내려 다른 물체에 달라붙어 서식 점차 적갈색으로 갈변한다. 열매는 길이 1.2~2.2cm로 2개씩 달린다. 마삭줄이 많은 곳에서는 전혀 다른 풀이 자라지 못하고 온 사방이 마삭줄로 뒤덮여 있는 곳도 있다. 덩굴식물이 얽히지 않도록 수시로 가지치기를 해줘야 한다."
17751,잎보기식물,일반형,150,100,,,079004,"중간 광도(800~1,500 Lux),높은 광도(1,500~10,000 Lux)","거실 창측 ,발코니 내측 ,발코니 창측 ",,089001,090003,082003,057005,083002,053003,053003,053003,053004,"  저온에서도 잘 견디지만 저온, 음지, 과습 조건이 되면 잎이 떨어지기 쉬운 실내 환경이나 햇볕이 잘 드는 곳에 두고 잎에 영양을 공급해 주면 좋고 지나친 과습이나 건조는 피한다. 젖은 물수건으로 잎을 닦아주며 잎이 작고 성장함에 따라 가지는 우아하게 늘어지며 건조한 환경에 강하다. 줄기에 탄력성이 좋아 줄기를 만져줄 수록 부드러워지고, 그런 후 원하는 모양대로 유인할 수 있다. 공기정화능력은 포름알데히드, 벤젠, 톨루엔, 크실렌, 클로로포름 제거한다."
14911,잎보기식물,일반형,200,70,,,079004,"중간 광도(800~1,500 Lux),높은 광도(1,500~10,000 Lux)","거실 창측 ,발코니 내측 ,발코니 창측 ",강함 (식물체 전체에 독이 있음),089001,090002,082002,057005,083002,053003,053003,053003,053004,"- 여름에 물이 젖은 천으로 잎을 닦아준다. 큼직하고 진한 잎 색상 때문에 중후한 멋이 있는 떡갈잎 고무나무는 강한 생명력과 멋진 모양 덕분에 인기가 많다. 잎의 길이는 평균 30cm 정도이며, 잎이 두껍다. 잎자루가 짧고 잎면은 파상이 우글쭈글하다. 과습으로 인해 잎이 검게 변하면서 떨어질 수 있으므로 주의해야 한다. 갈나무에 익숙한 우리에게는 친근감이 감겨 단독으로 식재하는 것보다 모아 심는 것이 운치 있어 보인다."
18576,잎보기식물,"일반형,수경형",30,30,,,079003,"중간 광도(800~1,500 Lux),높은 광도(1,500~10,000 Lux)","거실 창측 ,발코니 내측 ,발코니 창측 ",,089001,090003,082003,057001,083002,053002,053002,053002,053004,- 습한 토양에서도 잘 자란다. - 식물체의 깔끔하게 유지하기 위해서는 정기적인 잎 정리가 필요하다. - 컨테이너 정원과 암석 정원을 조성할때 잘 어울린다. 
16448,잎&꽃보기식물,일반형,100,50,"분홍색,빨강색","봄,여름",079003,"중간 광도(800~1,500 Lux),높은 광도(1,500~10,000 Lux)","거실 창측 ,발코니 내측 ,발코니 창측 ",없음,089001,090002,082003,057005,083002,053002,053002,053002,053003,"- 실내환경: 충분한 햇빛 좋아함. 건조한 공기는 병충해문제를 악화시킴.  - 심기: 흙을 너무 단단하게 포장하지 않도록 주의함. - 물주기: 일주일에 한번 충분히 줌. - 가지치기: 순치기, 솎음, 자르기. 목베고니아는 프랑스의 식물 애호가 베공(Begin, M)의 이름에서 유래되었다. 높이는 60cm정도이며, 잎은 가름한 심장 모양이고, 전체가 녹색이며,흰 얼룩점이 드문드문 있고, 뒷면의 잎맥은 붉다. 줄기는 곧게 자라며 어긋나게 자라는 커다란 잎과 풍성하게 꽃을 피우는 품종이다. 속은 독특한 특색은 크기가 서로 다른 4장의 꽃덮이(꽃잎과 꽃받침잎을 합해 부르는 이름)가 쌍으로 달리며, 암꽃의 아래쪽에 3개의 날개가 있다. 영양이 풍부할수록 풍성한 꽃 봉우리를 만든다. 자라나면서 줄기와 가지가 목질화(나무줄기처럼 딱딱해짐)가 되어간다."
18575,"잎보기식물,열매보기식물",일반형,30,30,"분홍색,흰색","봄,여름",,"중간 광도(800~1,500 Lux),높은 광도(1,500~10,000 Lux)","거실 창측 ,발코니 내측 ,발코니 창측 ",(섭취하면 안됨),089001,090002,082003,057001,083002,053003,053003,053003,053004," 야생화초로 키우지만 예로부터 약용으로 쓰이던 식물입니다. 반양지성 식물로 밝은 실내나 오전 1-2시간 햇빛이 드는 베란다 등에서 기르면 되고 한낮의 직사광선에는 잎이 화상을 입어 모양이 흉해진다. 산호수는 햇볕의 세기에 따라서 열매가 빨리 자라기도 하고 색깔도 빨리 빨개지며 특히, 관수를 잘 해주어야 하며, 배수상태에 따라서 틀리지만, 보통의 경우 2~3일에 한번, 겨울철엔 4~5일 정도에 한번 흠뻑 주어야 말라 떨어지지 않는다. 물 관리만 잘하면 몇 년이 지나도 열매가 떨어지지 않고 그대로 달려 있으며 다음해엔 또 새로운 꽃이 피고 열매를 맺지만, 무늬산호수는 열매 맺기가 쉽지 않다."
16449,잎보기식물,일반형,150,100,흰색,,079003,"중간 광도(800~1,500 Lux),높은 광도(1,500~10,000 Lux)","거실 창측 ,발코니 내측 ,발코니 창측 ",식물체 독성임. (어린이주변에 두지말 것),089001,090002,082002,057005,083003,053002,053002,053002,053003,"- 물관리: 빗물을 주면 토양이 산성화 될 수도 있음. 따뜻한 물을 사용하세요.  - 더운 여름에는 물 젖은 천으로 잎을 닦아 주고, 분무해 줌. 몬스테라는 덩굴성 대형관엽식물로 6~8m 까지 자란다. 잎은 어긋나고 성숙한 것은 지름 1m 정도이다. 잎은 진녹색으로 크고 광택이 나며 잎맥 사이에 군데군데 타원형의 구멍이 파여 있어 폭우나 강한 바람에도 견딜 수 있는 구조로 발달 됐다. 흰색의 꽃이 피고 열매도 달린다. 그리고 잎은 절엽으로 하여 꽃꽂이 재료로도 쓰인다. 직시광선에 노출시키면 잎이 타기 쉬우므로 그늘에 둬야 한다."
14713,잎보기식물,일반형,50,30,,,079004,"중간 광도(800~1,500 Lux),높은 광도(1,500~10,000 Lux)","거실 내측 ,거실 창측 ,발코니 내측 ,발코니 창측 ",강함 (수액이 피부 자극을 일으킬 수 있음),089002,090001,082003,057005,083002,053003,053003,053003,053004," 줄기는 굵고 크며, 잎은 두껍고 넓다. 생육이 강건한 품종으로 내한력이 약하다. 대형종이며 줄기는 두터워지고, 잎은 광택이 있는 짙은 녹색으로 유백색의 불규칙한 반점 무늬가 있다. 직사광선이 아닌 실내 밝은 장소에서 잘 자란다. 식물 전체에 독이 있기 때문에 일단, 입에 들어가면 심하게 아프고 혀와 성대에 마비 증상이 생겨 한동안 말하기가 어렵고 또 수액이 피부에 닿으면 알레르기, 가려움증이 생길 수 있다. 식물 전체에 독이 있기 때문에 식용은 금한다.  일단 입에 들어가면 심하게 아프고 혀와 성대에 마비 증상이 생겨 한동안 말하기가 어렵고 또 수액이 피부에 닿으면 알레르기, 가려움증이 생길 수 있다."
